ðŸ”’ Order Row ID,Local Order ID/Local Unique Order ID,Order Info/Order Date,Supplier Info/Supplier ID,Status/System Status,Ownership/Owner ID WRITE,Order History/Created,Order History/User ID,Order History/Ordered by Location ID,Order History/Order Info/Order Submitted,Order History/Submitted Signature,Order History/Order Info/Order Submitted By,Order History/Order Info/Order Sent,Order History/Order Info/Order Sent By,Order History/Sent Signature,Order History/Del Received,Order History/Del Received User ID,Order History/Del Received Timestamp,Order History/Del Received signature,Export Docs/Speech to Text,Export Docs/CSV,Rating/Trial Rating,Auto Order Confirmation/Webhook Supplier Confirmed Timestamp
rIvq3dVH7myMFdKGhDgk,f59400b0-fc0d-4a9f-ae48-99a9455b6410,"12/05/2025, 10:49:55",JKGzpLFSRxCfAxNLKmy33A,Received,wuqj75edR0670x.mQmMz0A,"12/05/2025, 10:49:55",Odva.aCuQneLBTlOxeNJcw,QG-A.oJrSF2AmUnmgpDNUg,"12/05/2025, 11:14:51",Magda,Odva.aCuQneLBTlOxeNJcw,"15/05/2025, 11:42:34",LkDqWOiPRS-D6iEdWCD9IA,Magda,"13/05/2025, 0:00:00",Odva.aCuQneLBTlOxeNJcw,"16/05/2025, 12:50:13",Barbara,https://storage.googleapis.com/glide-prod.appspot.com/uploads-v2/5gyrohBpLyf0trjfoHsp/pub/rRGRnV9D9FqtzPuZS11g/speech.mp3,https://storage.googleapis.com/glide-prod.appspot.com/uploads-v2/5gyrohBpLyf0trjfoHsp/pub/qpFkHOm01qO4MylcaCOv/Order%20Lines.csv,5,
3YFVf30853wlNd2i2ju9,74ed5821-9c9d-4cec-b506-fd1dc95b93bb,"12/05/2025, 14:33:06",L0QTd42GQ0GxQ4XjcnJImw,Received,wuqj75edR0670x.mQmMz0A,"12/05/2025, 14:33:06",Odva.aCuQneLBTlOxeNJcw,QG-A.oJrSF2AmUnmgpDNUg,"12/05/2025, 14:35:33",Magda,Odva.aCuQneLBTlOxeNJcw,"12/05/2025, 14:38:05",Odva.aCuQneLBTlOxeNJcw,Magda,"13/05/2025, 0:00:00",Odva.aCuQneLBTlOxeNJcw,"13/05/2025, 13:37:48",Barbara,,https://storage.googleapis.com/glide-prod.appspot.com/uploads-v2/5gyrohBpLyf0trjfoHsp/pub/lsqx4XHqiqbepZpKoN01/Order%20Lines.csv,5,
KUX77Sv2w2aWeN1urIWq,3081c4f4-dc0b-4519-bbdc-585f4ddff5ce,"12/05/2025, 14:38:19",JKGzpLFSRxCfAxNLKmy33A,Received,wuqj75edR0670x.mQmMz0A,"12/05/2025, 14:38:19",Odva.aCuQneLBTlOxeNJcw,QG-A.oJrSF2AmUnmgpDNUg,"12/05/2025, 14:45:16",Magda,Odva.aCuQneLBTlOxeNJcw,"12/05/2025, 14:45:21",Odva.aCuQneLBTlOxeNJcw,Magda,"13/05/2025, 0:00:00",Odva.aCuQneLBTlOxeNJcw,"14/05/2025, 14:44:55",Barbara,,https://storage.googleapis.com/glide-prod.appspot.com/uploads-v2/5gyrohBpLyf0trjfoHsp/pub/GNIVSqg8slByTFIwpqXq/Order%20Lines.csv,5,
tLthn78Xh2UCNt1kLAr2,tLthn78Xh2UCNt1kLAr2,"12/05/2025, 15:03:11",4LkK8yfyT6qKO7IEDGKSpw,Sent,wuqj75edR0670x.mQmMz0A,"12/05/2025, 15:03:11",Odva.aCuQneLBTlOxeNJcw,QG-A.oJrSF2AmUnmgpDNUg,"12/05/2025, 15:03:38","Milly Tyler
",Odva.aCuQneLBTlOxeNJcw,"12/05/2025, 15:12:17",Odva.aCuQneLBTlOxeNJcw,Milly Tyler ,true,,Odva.aCuQneLBTlOxeNJcw,,,https://storage.googleapis.com/glide-prod.appspot.com/uploads-v2/5gyrohBpLyf0trjfoHsp/pub/6XWUkP9kdKT7IoTC9WJ3/Order%20Lines.csv,5,
gvY0ucu6KZ4YftfZfyhP,a7274869-76d1-4466-a2bf-3a6eab8c6a0c,"14/05/2025, 14:41:25",JKGzpLFSRxCfAxNLKmy33A,no-order,wuqj75edR0670x.mQmMz0A,"14/05/2025, 14:41:25",Odva.aCuQneLBTlOxeNJcw,QG-A.oJrSF2AmUnmgpDNUg,,,,,,,,,,,,,,
0EscRswgDTg65PNMTRur,c1adf92e-5067-4e85-b61c-a83fb9065e55,"14/05/2025, 14:46:56",4755CqDMSWW-mRo5VXhXIA,Sent,wuqj75edR0670x.mQmMz0A,"14/05/2025, 14:46:56",Odva.aCuQneLBTlOxeNJcw,QG-A.oJrSF2AmUnmgpDNUg,"14/05/2025, 14:47:19","Stella
",Odva.aCuQneLBTlOxeNJcw,"14/05/2025, 14:47:26",Odva.aCuQneLBTlOxeNJcw,Stella,,,,,,https://storage.googleapis.com/glide-prod.appspot.com/uploads-v2/5gyrohBpLyf0trjfoHsp/pub/b8ZM1BhKDgWjbNYDgEq9/Order%20Lines.csv,5,
y6psd94h8sHGlpa1FV3S,ad1ed68d-2008-49f3-b40f-e6285a4d364a,"14/05/2025, 15:25:17",L0QTd42GQ0GxQ4XjcnJImw,Received,wuqj75edR0670x.mQmMz0A,"14/05/2025, 15:25:17",Odva.aCuQneLBTlOxeNJcw,QG-A.oJrSF2AmUnmgpDNUg,"14/05/2025, 15:27:00",Barbara,Odva.aCuQneLBTlOxeNJcw,"14/05/2025, 15:27:10",Odva.aCuQneLBTlOxeNJcw,Barbara,"15/05/2025, 0:00:00",Odva.aCuQneLBTlOxeNJcw,"15/05/2025, 14:11:27",Magda,,https://storage.googleapis.com/glide-prod.appspot.com/uploads-v2/5gyrohBpLyf0trjfoHsp/pub/AM76HdbawsgfI04BlxrN/Order%20Lines.csv,,
gqxmsqsw4NNUmxaJEXzs,2855dc91-8a98-4594-9034-549694c3d11a,"14/05/2025, 15:45:39",sZRVo5.eS5acf7GEVw6eCw,no-order,wuqj75edR0670x.mQmMz0A,"14/05/2025, 15:45:39",LkDqWOiPRS-D6iEdWCD9IA,QG-A.oJrSF2AmUnmgpDNUg,,,,,,,,,,,,,,
jSeD6M9B9Z6weBD46zwp,f875ca32-0edf-4a48-a809-9dd315474784,"15/05/2025, 14:10:47",sZRVo5.eS5acf7GEVw6eCw,no-order,wuqj75edR0670x.mQmMz0A,"15/05/2025, 14:10:47",Odva.aCuQneLBTlOxeNJcw,QG-A.oJrSF2AmUnmgpDNUg,,,,,,,,,,,,,,
XtSNdaj9dPtDUH1tqPTX,f50d5711-ca17-4826-b0eb-8bab914d6002,"15/05/2025, 14:10:49",L0QTd42GQ0GxQ4XjcnJImw,Received,wuqj75edR0670x.mQmMz0A,"15/05/2025, 14:10:49",Odva.aCuQneLBTlOxeNJcw,QG-A.oJrSF2AmUnmgpDNUg,"15/05/2025, 14:25:45",Magda,Odva.aCuQneLBTlOxeNJcw,"15/05/2025, 14:34:57",Odva.aCuQneLBTlOxeNJcw,Magda,"16/05/2025, 0:00:00",Odva.aCuQneLBTlOxeNJcw,"19/05/2025, 13:25:23",Magda,,https://storage.googleapis.com/glide-prod.appspot.com/uploads-v2/5gyrohBpLyf0trjfoHsp/pub/c4b5C36kRJOnbVNLld7F/Order%20Lines.csv,5,
SRwHUbWJ1b4GFdZb6W3k,dd14cf63-d60e-4752-94ab-fbd9c5fd9b06,"15/05/2025, 15:30:00",AjTs2rKDRt2drnhqSUkbng,no-order,wuqj75edR0670x.mQmMz0A,"15/05/2025, 15:30:00",Odva.aCuQneLBTlOxeNJcw,QG-A.oJrSF2AmUnmgpDNUg,,,,,,,,,,,,,,
Q5KIU5zMZuz2vt8hF03a,51a0cbc6-775f-400e-b982-5bbc073a22d7,"15/05/2025, 15:30:07",IzNRYFFJT.Sje-ugJuIzyQ,no-order,wuqj75edR0670x.mQmMz0A,"15/05/2025, 15:30:07",Odva.aCuQneLBTlOxeNJcw,QG-A.oJrSF2AmUnmgpDNUg,,,,,,,,,,,,,,
C9rZNuHRh02vUXuIcNMO,5a7b9fb9-56d5-4c1b-850a-9cf971b5597c,"15/05/2025, 15:30:20",w6AhNWWTQsiz3TYH.act5Q,Sent,wuqj75edR0670x.mQmMz0A,"15/05/2025, 15:30:20",Odva.aCuQneLBTlOxeNJcw,QG-A.oJrSF2AmUnmgpDNUg,"15/05/2025, 15:30:55",Milly,Odva.aCuQneLBTlOxeNJcw,"15/05/2025, 15:34:20",Odva.aCuQneLBTlOxeNJcw,Milly ,,,,,,https://storage.googleapis.com/glide-prod.appspot.com/uploads-v2/5gyrohBpLyf0trjfoHsp/pub/aKNTtBzSv96x8SoFIhnx/Order%20Lines.csv,,
skO3u3cJ8v3HEMpZlrR5,b87eb3ec-32e8-4e99-abdc-eb30bc620438,"16/05/2025, 12:49:54",sZRVo5.eS5acf7GEVw6eCw,no-order,wuqj75edR0670x.mQmMz0A,"16/05/2025, 12:49:54",Odva.aCuQneLBTlOxeNJcw,QG-A.oJrSF2AmUnmgpDNUg,,,,,,,,,,,,,,
PwILr330JNjUznJfqcrQ,d9072964-04a3-474a-a77b-0181a228c4c0,"16/05/2025, 12:50:26",JKGzpLFSRxCfAxNLKmy33A,Received,wuqj75edR0670x.mQmMz0A,"16/05/2025, 12:50:26",Odva.aCuQneLBTlOxeNJcw,QG-A.oJrSF2AmUnmgpDNUg,"16/05/2025, 14:29:37",Magda,Odva.aCuQneLBTlOxeNJcw,"16/05/2025, 14:30:16",Odva.aCuQneLBTlOxeNJcw,Magda,"17/05/2025, 0:00:00",Odva.aCuQneLBTlOxeNJcw,"19/05/2025, 12:58:17","Magda
",,https://storage.googleapis.com/glide-prod.appspot.com/uploads-v2/5gyrohBpLyf0trjfoHsp/pub/4qa1Y4grnVJuPXLTUfdZ/Order%20Lines.csv,5,
9PKRxo2rlIbgE3bYFCdr,43bdb8ab-d1f3-4a52-8cef-34a7c9fb05ba,"16/05/2025, 12:51:40",L0QTd42GQ0GxQ4XjcnJImw,Received,wuqj75edR0670x.mQmMz0A,"16/05/2025, 12:51:40",Odva.aCuQneLBTlOxeNJcw,QG-A.oJrSF2AmUnmgpDNUg,"16/05/2025, 14:18:23",Magda,Odva.aCuQneLBTlOxeNJcw,"16/05/2025, 14:26:55",Odva.aCuQneLBTlOxeNJcw,Magda,"17/05/2025, 0:00:00",Odva.aCuQneLBTlOxeNJcw,"19/05/2025, 13:25:33",Magda,,https://storage.googleapis.com/glide-prod.appspot.com/uploads-v2/5gyrohBpLyf0trjfoHsp/pub/10d03voS8OacNbbh2Ru9/Order%20Lines.csv,5,
DYEUAM6efN3aYD2K709i,0a14d450-7a8e-4ff9-802c-ededdedaeac5,"18/05/2025, 17:52:52",sZRVo5.eS5acf7GEVw6eCw,Received,wuqj75edR0670x.mQmMz0A,"18/05/2025, 17:52:52",Odva.aCuQneLBTlOxeNJcw,QG-A.oJrSF2AmUnmgpDNUg,"18/05/2025, 17:56:23",Stella,Odva.aCuQneLBTlOxeNJcw,"18/05/2025, 17:57:17",Odva.aCuQneLBTlOxeNJcw,Stella,"19/05/2025, 0:00:00",Odva.aCuQneLBTlOxeNJcw,"04/06/2025, 9:01:23",Magda,,https://storage.googleapis.com/glide-prod.appspot.com/uploads-v2/5gyrohBpLyf0trjfoHsp/pub/m5Mcvqm9bxsxsx5dWCAK/Order%20Lines.csv,,
0hQs3MDNA6nbehkf5YCa,979ca434-bfae-4c98-afd3-d647fb32f6ad,"18/05/2025, 17:57:21",L0QTd42GQ0GxQ4XjcnJImw,Received,wuqj75edR0670x.mQmMz0A,"18/05/2025, 17:57:21",Odva.aCuQneLBTlOxeNJcw,QG-A.oJrSF2AmUnmgpDNUg,"18/05/2025, 18:15:49","Stella
",Odva.aCuQneLBTlOxeNJcw,"18/05/2025, 18:15:57",Odva.aCuQneLBTlOxeNJcw,Stella,"19/05/2025, 0:00:00",Odva.aCuQneLBTlOxeNJcw,"19/05/2025, 13:25:44",Magda,,https://storage.googleapis.com/glide-prod.appspot.com/uploads-v2/5gyrohBpLyf0trjfoHsp/pub/1DCv6I8ypEvLAQdLp8JF/Order%20Lines.csv,5,
YWiEQiNNQW2h2ZHCGGVP,4a597d45-e13e-4882-9e9d-650149836e57,"19/05/2025, 12:57:51",sZRVo5.eS5acf7GEVw6eCw,no-order,wuqj75edR0670x.mQmMz0A,"19/05/2025, 12:57:51",Odva.aCuQneLBTlOxeNJcw,QG-A.oJrSF2AmUnmgpDNUg,,,,,,,,,,,,,,
S8mIti4HRJ4Mff4Ff16G,cadbfa22-2536-400e-bdb5-9835335b66e1,"19/05/2025, 12:57:54",DF6QirpYT5eNXA0M1A8F5Q,no-order,wuqj75edR0670x.mQmMz0A,"19/05/2025, 12:57:54",Odva.aCuQneLBTlOxeNJcw,QG-A.oJrSF2AmUnmgpDNUg,,,,,,,,,,,,,,
aSGiNg0tzzxKiZVTg5dD,40df351b-f744-4b63-bb7e-be0ead7846f2,"19/05/2025, 12:57:57",JKGzpLFSRxCfAxNLKmy33A,Received,wuqj75edR0670x.mQmMz0A,"19/05/2025, 12:57:57",Odva.aCuQneLBTlOxeNJcw,QG-A.oJrSF2AmUnmgpDNUg,"19/05/2025, 14:07:23",Magda,Odva.aCuQneLBTlOxeNJcw,"19/05/2025, 14:11:02",Odva.aCuQneLBTlOxeNJcw,Magda,"20/05/2025, 0:00:00",Odva.aCuQneLBTlOxeNJcw,"20/05/2025, 14:17:26",Barbara,,https://storage.googleapis.com/glide-prod.appspot.com/uploads-v2/5gyrohBpLyf0trjfoHsp/pub/ZdqFaZiZGfUTYjp3swm6/Order%20Lines.csv,,
zVElQ5NKH9p10JnzXfql,8ba29adc-9a80-4e42-961f-ac7a82bcbdc3,"19/05/2025, 13:25:08",L0QTd42GQ0GxQ4XjcnJImw,Received,wuqj75edR0670x.mQmMz0A,"19/05/2025, 13:25:08",Odva.aCuQneLBTlOxeNJcw,QG-A.oJrSF2AmUnmgpDNUg,"19/05/2025, 14:11:19",Magda,Odva.aCuQneLBTlOxeNJcw,"19/05/2025, 14:13:04",Odva.aCuQneLBTlOxeNJcw,Magda,"20/05/2025, 0:00:00",Odva.aCuQneLBTlOxeNJcw,"20/05/2025, 14:26:32",Barbara,,https://storage.googleapis.com/glide-prod.appspot.com/uploads-v2/5gyrohBpLyf0trjfoHsp/pub/sGGeXYYJkiLFGft482Qz/Order%20Lines.csv,5,
5rdyV4X8PjVs00sVkZhK,4d6b81a0-e22e-4352-aee8-db3d31ead995,"19/05/2025, 14:49:47",IzNRYFFJT.Sje-ugJuIzyQ,Sent,wuqj75edR0670x.mQmMz0A,"19/05/2025, 14:49:47",Odva.aCuQneLBTlOxeNJcw,QG-A.oJrSF2AmUnmgpDNUg,"19/05/2025, 14:59:17",Hazel,Odva.aCuQneLBTlOxeNJcw,"19/05/2025, 15:08:22",Odva.aCuQneLBTlOxeNJcw,Hazel,,,,,,https://storage.googleapis.com/glide-prod.appspot.com/uploads-v2/5gyrohBpLyf0trjfoHsp/pub/B6E6uXJf0Ya0relIECga/Order%20Lines.csv,,
Eud1WRvX14U1WuxgLHgK,63e2ef41-ffc5-477e-8a03-6661a7a8a186,"19/05/2025, 15:14:18",w6AhNWWTQsiz3TYH.act5Q,no-order,wuqj75edR0670x.mQmMz0A,"19/05/2025, 15:14:18",Odva.aCuQneLBTlOxeNJcw,QG-A.oJrSF2AmUnmgpDNUg,,,,,,,,,,,,,,
tWhjYPuVVC0W3JE3K0xP,59f7cf48-6eb3-4808-87ca-d4a193da74ed,"19/05/2025, 15:14:28",AjTs2rKDRt2drnhqSUkbng,no-order,wuqj75edR0670x.mQmMz0A,"19/05/2025, 15:14:28",Odva.aCuQneLBTlOxeNJcw,QG-A.oJrSF2AmUnmgpDNUg,,,,,,,,,,,,,,
gOyjrvAsRX1TjtuDUhrf,dcaae270-3763-4dc4-ad72-aa898d2615ca,"19/05/2025, 15:14:28",4LkK8yfyT6qKO7IEDGKSpw,no-order,wuqj75edR0670x.mQmMz0A,"19/05/2025, 15:14:28",Odva.aCuQneLBTlOxeNJcw,QG-A.oJrSF2AmUnmgpDNUg,,,,,,,,,,,,,,
jIGJzPYxZ0ytgkMOdki6,78cd11dc-15ca-4fca-82c3-d30eecff7bd3,"20/05/2025, 14:27:17",L0QTd42GQ0GxQ4XjcnJImw,Received,wuqj75edR0670x.mQmMz0A,"20/05/2025, 14:27:17",Odva.aCuQneLBTlOxeNJcw,QG-A.oJrSF2AmUnmgpDNUg,"20/05/2025, 14:53:39",Barbara,Odva.aCuQneLBTlOxeNJcw,"20/05/2025, 14:54:21",Odva.aCuQneLBTlOxeNJcw,Barbara,"21/05/2025, 0:00:00",Odva.aCuQneLBTlOxeNJcw,"21/05/2025, 15:23:56",Barbara,,https://storage.googleapis.com/glide-prod.appspot.com/uploads-v2/5gyrohBpLyf0trjfoHsp/pub/tUjoMF4iX6YBp1AV7cXG/Order%20Lines.csv,,
2cjU8RKFLaM1vMIZX2cO,3af729b9-e82d-47b8-9660-46d049a27d78,"20/05/2025, 14:58:08",Bt1gPaZnQtKjmnsKW3YezA,no-order,wuqj75edR0670x.mQmMz0A,"20/05/2025, 14:58:08",Odva.aCuQneLBTlOxeNJcw,QG-A.oJrSF2AmUnmgpDNUg,,,,,,,,,,,,,,
T6x687vAulr7t4oslGDR,45798ea3-a146-4d88-90a3-8ce28cb6b99a,"20/05/2025, 14:58:28",8C34O7MZSM2sqBMmQhW7gA,Sent,wuqj75edR0670x.mQmMz0A,"20/05/2025, 14:58:28",Odva.aCuQneLBTlOxeNJcw,QG-A.oJrSF2AmUnmgpDNUg,"20/05/2025, 16:11:52",Stella,Odva.aCuQneLBTlOxeNJcw,"20/05/2025, 16:11:58",Odva.aCuQneLBTlOxeNJcw,Stella,,,,,,https://storage.googleapis.com/glide-prod.appspot.com/uploads-v2/5gyrohBpLyf0trjfoHsp/pub/T0suL0aqdV7oTEOvAflw/Order%20Lines.csv,,
l2DF69sP7ouMajvrXayi,c5dab61c-c10a-44bf-8581-c38bf365c486,"20/05/2025, 15:02:55",sZRVo5.eS5acf7GEVw6eCw,no-order,wuqj75edR0670x.mQmMz0A,"20/05/2025, 15:02:55",Odva.aCuQneLBTlOxeNJcw,QG-A.oJrSF2AmUnmgpDNUg,,,,,,,,,,,,,,
yLVrqDo1wlJvdlt0PCCk,98d7666a-e221-48ae-9279-413b9d3f0df8,"20/05/2025, 16:12:37",vN5I7OHRT5mTt9oTmVzqvw,no-order,wuqj75edR0670x.mQmMz0A,"20/05/2025, 16:12:37",Odva.aCuQneLBTlOxeNJcw,QG-A.oJrSF2AmUnmgpDNUg,,,,,,,,,,,,,,
WHhxHpEXg9tRjYsoqTUf,2cd8a978-e92a-44ec-8478-aa20388d34d2,"21/05/2025, 14:05:04",4755CqDMSWW-mRo5VXhXIA,Sent,wuqj75edR0670x.mQmMz0A,"21/05/2025, 14:05:04",Odva.aCuQneLBTlOxeNJcw,QG-A.oJrSF2AmUnmgpDNUg,"21/05/2025, 14:07:15",Hazel,Odva.aCuQneLBTlOxeNJcw,"21/05/2025, 14:07:44",Odva.aCuQneLBTlOxeNJcw,Hazel,,,,,,https://storage.googleapis.com/glide-prod.appspot.com/uploads-v2/5gyrohBpLyf0trjfoHsp/pub/imGq54Fntrnmpnkl6OkE/Order%20Lines.csv,,
XNzowzCery3MthPuecDa,b5b98713-5e47-4e2a-9e3d-b7ed796f79c8,"21/05/2025, 15:04:03",w6AhNWWTQsiz3TYH.act5Q,no-order,wuqj75edR0670x.mQmMz0A,"21/05/2025, 15:04:03",Odva.aCuQneLBTlOxeNJcw,QG-A.oJrSF2AmUnmgpDNUg,,,,,,,,,,,,,,
7FXB6WQpEEJwqpDz5EMA,861e3b3e-4cba-4914-b5d7-970005c5a509,"21/05/2025, 15:22:02",sZRVo5.eS5acf7GEVw6eCw,Received,wuqj75edR0670x.mQmMz0A,"21/05/2025, 15:22:02",Odva.aCuQneLBTlOxeNJcw,QG-A.oJrSF2AmUnmgpDNUg,"21/05/2025, 15:22:52",Barb,Odva.aCuQneLBTlOxeNJcw,"21/05/2025, 15:23:06",Odva.aCuQneLBTlOxeNJcw,Barbara,"22/05/2025, 0:00:00",Odva.aCuQneLBTlOxeNJcw,"22/05/2025, 14:58:00",Barb,,https://storage.googleapis.com/glide-prod.appspot.com/uploads-v2/5gyrohBpLyf0trjfoHsp/pub/w2ZGLDadQvkh6ACghb2g/Order%20Lines.csv,,
LSo47YDYIoLef5KaSG03,3d53ca3b-4d49-45a1-9bf6-345d65c30208,"21/05/2025, 15:23:12",JKGzpLFSRxCfAxNLKmy33A,no-order,wuqj75edR0670x.mQmMz0A,"21/05/2025, 15:23:12",Odva.aCuQneLBTlOxeNJcw,QG-A.oJrSF2AmUnmgpDNUg,,,,,,,,,,,,,,
tAFLwbB8Gb3WiWWNDqDG,a1570976-2582-4593-9495-995f895c6182,"21/05/2025, 15:23:17",L0QTd42GQ0GxQ4XjcnJImw,Received,wuqj75edR0670x.mQmMz0A,"21/05/2025, 15:23:17",Odva.aCuQneLBTlOxeNJcw,QG-A.oJrSF2AmUnmgpDNUg,"21/05/2025, 15:53:59",Barb,Odva.aCuQneLBTlOxeNJcw,"22/05/2025, 14:58:40",Odva.aCuQneLBTlOxeNJcw,Barb,"22/05/2025, 0:00:00",Odva.aCuQneLBTlOxeNJcw,"22/05/2025, 14:59:04",Barb,,https://storage.googleapis.com/glide-prod.appspot.com/uploads-v2/5gyrohBpLyf0trjfoHsp/pub/7jBxQ3LIxllO9WQOxp9t/Order%20Lines.csv,,
dIPIOINLiAqLs6qIvZpT,1c88b1b9-374b-48d0-b54e-d55827226150,"22/05/2025, 15:00:03",L0QTd42GQ0GxQ4XjcnJImw,Received,wuqj75edR0670x.mQmMz0A,"22/05/2025, 15:00:03",Odva.aCuQneLBTlOxeNJcw,QG-A.oJrSF2AmUnmgpDNUg,"22/05/2025, 15:26:57",Barb,Odva.aCuQneLBTlOxeNJcw,"22/05/2025, 15:27:06",Odva.aCuQneLBTlOxeNJcw,Barb,"23/05/2025, 0:00:00",Odva.aCuQneLBTlOxeNJcw,"23/05/2025, 13:33:06",Magda,,https://storage.googleapis.com/glide-prod.appspot.com/uploads-v2/5gyrohBpLyf0trjfoHsp/pub/RxJNzi5Fj46Cb99LKiH1/Order%20Lines.csv,,
d8pP3UEJ36URS3OqLUJb,e7cadd9a-4596-4972-bf0b-dd3964531300,"22/05/2025, 17:01:00",AjTs2rKDRt2drnhqSUkbng,Sent,wuqj75edR0670x.mQmMz0A,"22/05/2025, 17:01:00",Odva.aCuQneLBTlOxeNJcw,QG-A.oJrSF2AmUnmgpDNUg,"22/05/2025, 17:02:10",Jess,Odva.aCuQneLBTlOxeNJcw,"22/05/2025, 17:02:38",Odva.aCuQneLBTlOxeNJcw,Jess,,,,,,https://storage.googleapis.com/glide-prod.appspot.com/uploads-v2/5gyrohBpLyf0trjfoHsp/pub/ZL0eeAAQhR3c32NPbwQ1/Order%20Lines.csv,,
mIvojP6jnErOup1E7oYr,6f8f37c4-b51a-4b1f-96fc-e67cc4864026,"23/05/2025, 13:32:46",sZRVo5.eS5acf7GEVw6eCw,no-order,wuqj75edR0670x.mQmMz0A,"23/05/2025, 13:32:46",Odva.aCuQneLBTlOxeNJcw,QG-A.oJrSF2AmUnmgpDNUg,,,,,,,,,,,,,,
xTKhqxOx4DRlWrG8XFI7,738fd209-31cd-428d-8370-41641877fb78,"23/05/2025, 13:32:51",L0QTd42GQ0GxQ4XjcnJImw,Received,wuqj75edR0670x.mQmMz0A,"23/05/2025, 13:32:51",Odva.aCuQneLBTlOxeNJcw,QG-A.oJrSF2AmUnmgpDNUg,"23/05/2025, 13:50:26",Magda,Odva.aCuQneLBTlOxeNJcw,"23/05/2025, 14:01:25",Odva.aCuQneLBTlOxeNJcw,Magda,"24/05/2025, 0:00:00",Odva.aCuQneLBTlOxeNJcw,"26/05/2025, 14:24:50",Magda,,https://storage.googleapis.com/glide-prod.appspot.com/uploads-v2/5gyrohBpLyf0trjfoHsp/pub/oWjKizlwIgKfnjt7yG42/Order%20Lines.csv,5,
7dwTinl2JXDUkmBNi5Lj,0e935a76-2148-4a84-8f5e-8f9d5bf09a06,"23/05/2025, 13:44:36",JKGzpLFSRxCfAxNLKmy33A,Received,wuqj75edR0670x.mQmMz0A,"23/05/2025, 13:44:36",Odva.aCuQneLBTlOxeNJcw,QG-A.oJrSF2AmUnmgpDNUg,"23/05/2025, 14:01:02",Magda,Odva.aCuQneLBTlOxeNJcw,"23/05/2025, 14:01:11",Odva.aCuQneLBTlOxeNJcw,Magda,"24/05/2025, 0:00:00",Odva.aCuQneLBTlOxeNJcw,"26/05/2025, 14:24:31",Magda,,https://storage.googleapis.com/glide-prod.appspot.com/uploads-v2/5gyrohBpLyf0trjfoHsp/pub/Z80MvWgh55oOqmFgS32K/Order%20Lines.csv,5,
nbN3LEtfJ9Lj3c6C2P7z,7992d032-7149-48ee-b23a-0cdd59de833d,"26/05/2025, 14:25:08",DF6QirpYT5eNXA0M1A8F5Q,Received,wuqj75edR0670x.mQmMz0A,"26/05/2025, 14:25:08",Odva.aCuQneLBTlOxeNJcw,QG-A.oJrSF2AmUnmgpDNUg,"26/05/2025, 14:25:53",Magda,Odva.aCuQneLBTlOxeNJcw,"26/05/2025, 15:09:47",Odva.aCuQneLBTlOxeNJcw,Magda,"27/05/2025, 0:00:00",Odva.aCuQneLBTlOxeNJcw,"16/06/2025, 10:48:18",Magda,,https://storage.googleapis.com/glide-prod.appspot.com/uploads-v2/5gyrohBpLyf0trjfoHsp/pub/RRlRtbCeUJVIjuRXroc9/Order%20Lines.csv,5,
v5XbkhC2c0b8S3RvU0Cn,280ed727-c1ff-4c6b-b647-4e853fbb9f3b,"26/05/2025, 14:25:56",sZRVo5.eS5acf7GEVw6eCw,Received,wuqj75edR0670x.mQmMz0A,"26/05/2025, 14:25:56",Odva.aCuQneLBTlOxeNJcw,QG-A.oJrSF2AmUnmgpDNUg,"26/05/2025, 14:26:45",Magda,Odva.aCuQneLBTlOxeNJcw,"26/05/2025, 15:11:17",Odva.aCuQneLBTlOxeNJcw,Magda,"27/05/2025, 0:00:00",Odva.aCuQneLBTlOxeNJcw,"04/06/2025, 9:01:06",Magda,,https://storage.googleapis.com/glide-prod.appspot.com/uploads-v2/5gyrohBpLyf0trjfoHsp/pub/ylhYFLr5K73PiYd0Da8I/Order%20Lines.csv,5,
DXpL8TlUqSjUyg4UT0Nk,22c43831-0e05-4799-813e-2bbc02e4cbc8,"26/05/2025, 14:33:01",4LkK8yfyT6qKO7IEDGKSpw,Order Confirmed by Supplier,wuqj75edR0670x.mQmMz0A,"26/05/2025, 14:33:01",Odva.aCuQneLBTlOxeNJcw,QG-A.oJrSF2AmUnmgpDNUg,"26/05/2025, 14:33:58",Jess,Odva.aCuQneLBTlOxeNJcw,"26/05/2025, 14:34:51",Odva.aCuQneLBTlOxeNJcw,Jess,,,,,,https://storage.googleapis.com/glide-prod.appspot.com/uploads-v2/5gyrohBpLyf0trjfoHsp/pub/DpyIoIBMxSYOaSV4N443/Order%20Lines.csv,,2025-05-27T10:52:22.376Z
606BcdEFtnD1nOLD3UjR,6634a5d9-e32b-4725-a38a-73d127c0697d,"26/05/2025, 14:38:45",w6AhNWWTQsiz3TYH.act5Q,Order Confirmed by Supplier,wuqj75edR0670x.mQmMz0A,"26/05/2025, 14:38:45",Odva.aCuQneLBTlOxeNJcw,QG-A.oJrSF2AmUnmgpDNUg,"26/05/2025, 14:39:23",Jess,Odva.aCuQneLBTlOxeNJcw,"26/05/2025, 14:40:23",Odva.aCuQneLBTlOxeNJcw,Jess,,,,,,https://storage.googleapis.com/glide-prod.appspot.com/uploads-v2/5gyrohBpLyf0trjfoHsp/pub/qol8sDgVCgUOlzgpFTU0/Order%20Lines.csv,,2025-05-26T14:15:51.110Z
Ucb2zcgaf44PwBulfs5J,4b51bd3c-7a71-4958-be3d-ab5e749ef2de,"26/05/2025, 14:40:45",IzNRYFFJT.Sje-ugJuIzyQ,Sent,wuqj75edR0670x.mQmMz0A,"26/05/2025, 14:40:45",Odva.aCuQneLBTlOxeNJcw,QG-A.oJrSF2AmUnmgpDNUg,"26/05/2025, 14:41:45",Jess,Odva.aCuQneLBTlOxeNJcw,"26/05/2025, 14:41:49",Odva.aCuQneLBTlOxeNJcw,Jess,,,,,,https://storage.googleapis.com/glide-prod.appspot.com/uploads-v2/5gyrohBpLyf0trjfoHsp/pub/pmt7N4aJHgjKBuFVRBV5/Order%20Lines.csv,,
gIkzmg5T71P5AiZUNxjC,006c4584-8cb4-4850-8ad8-f2f4269289ea,"26/05/2025, 14:42:04",8C34O7MZSM2sqBMmQhW7gA,Sent,wuqj75edR0670x.mQmMz0A,"26/05/2025, 14:42:04",Odva.aCuQneLBTlOxeNJcw,QG-A.oJrSF2AmUnmgpDNUg,"26/05/2025, 14:42:28",Jess,Odva.aCuQneLBTlOxeNJcw,"26/05/2025, 14:42:32",Odva.aCuQneLBTlOxeNJcw,Jess,,,,,,https://storage.googleapis.com/glide-prod.appspot.com/uploads-v2/5gyrohBpLyf0trjfoHsp/pub/CbID6xG6Za7iSv7bapLE/Order%20Lines.csv,,
iGfPcfJbZHv57E7Z3t0W,cbe5a64d-e08f-42f2-b34a-46cce979ec31,"26/05/2025, 15:01:05",JKGzpLFSRxCfAxNLKmy33A,Received,wuqj75edR0670x.mQmMz0A,"26/05/2025, 15:01:05",Odva.aCuQneLBTlOxeNJcw,QG-A.oJrSF2AmUnmgpDNUg,"26/05/2025, 15:03:25",Magda,Odva.aCuQneLBTlOxeNJcw,"26/05/2025, 15:14:15",Odva.aCuQneLBTlOxeNJcw,Magda,"30/05/2025, 0:00:00",Odva.aCuQneLBTlOxeNJcw,"30/05/2025, 15:40:45",Barb,,https://storage.googleapis.com/glide-prod.appspot.com/uploads-v2/5gyrohBpLyf0trjfoHsp/pub/CdvpwrCbzoIRg7SnWUd7/Order%20Lines.csv,5,
El56Rh4ZqZ2zZmTUuisH,b106fb93-9d07-42c5-8e53-def22e44abfa,"26/05/2025, 15:03:30",L0QTd42GQ0GxQ4XjcnJImw,Received,wuqj75edR0670x.mQmMz0A,"26/05/2025, 15:03:30",Odva.aCuQneLBTlOxeNJcw,QG-A.oJrSF2AmUnmgpDNUg,"26/05/2025, 15:06:54",Magda,Odva.aCuQneLBTlOxeNJcw,"26/05/2025, 15:17:27",Odva.aCuQneLBTlOxeNJcw,Magda,"27/05/2025, 0:00:00",Odva.aCuQneLBTlOxeNJcw,"27/05/2025, 21:35:56",Magda,,https://storage.googleapis.com/glide-prod.appspot.com/uploads-v2/5gyrohBpLyf0trjfoHsp/pub/qIrBjfG595wLCSYuduRT/Order%20Lines.csv,5,
rks8XgxT0VF488KEXHjs,7345a46f-502e-4b82-a709-e272baddfa0e,"27/05/2025, 21:35:30",DF6QirpYT5eNXA0M1A8F5Q,no-order,wuqj75edR0670x.mQmMz0A,"27/05/2025, 21:35:30",Odva.aCuQneLBTlOxeNJcw,QG-A.oJrSF2AmUnmgpDNUg,,,,,,,,,,,,,,
aJDcdqMGdTJZLlAPNIlS,9712b483-2aa9-4309-a9ec-ca24b10b3e21,"27/05/2025, 21:35:36",sZRVo5.eS5acf7GEVw6eCw,no-order,wuqj75edR0670x.mQmMz0A,"27/05/2025, 21:35:36",Odva.aCuQneLBTlOxeNJcw,QG-A.oJrSF2AmUnmgpDNUg,,,,,,,,,,,,,,
iYctfBCvdNgjmWBzOpOm,c21733c7-d0ad-45b4-abb8-ed25485ada80,"27/05/2025, 21:35:37",L0QTd42GQ0GxQ4XjcnJImw,Received,wuqj75edR0670x.mQmMz0A,"27/05/2025, 21:35:37",Odva.aCuQneLBTlOxeNJcw,QG-A.oJrSF2AmUnmgpDNUg,"27/05/2025, 21:39:42",Magda,Odva.aCuQneLBTlOxeNJcw,"27/05/2025, 21:48:38",Odva.aCuQneLBTlOxeNJcw,Magda,"28/05/2025, 0:00:00",Odva.aCuQneLBTlOxeNJcw,"28/05/2025, 14:56:07",Barb,,https://storage.googleapis.com/glide-prod.appspot.com/uploads-v2/5gyrohBpLyf0trjfoHsp/pub/2rj2UGkmkvUrDfde4tyD/Order%20Lines.csv,5,
rRO6iGDkdNBg7Hnh56a6,805c2fc2-a05b-4231-8aea-d0f21cd43a56,"28/05/2025, 9:58:39",4755CqDMSWW-mRo5VXhXIA,Pending,wuqj75edR0670x.mQmMz0A,"28/05/2025, 9:58:39",Odva.aCuQneLBTlOxeNJcw,QG-A.oJrSF2AmUnmgpDNUg,,,,,,,,,,,,,,
6GNyvd3IDbPMUqCPN869,342fc7b5-9079-42e5-9509-74a010bc4729,"28/05/2025, 14:16:05",JKGzpLFSRxCfAxNLKmy33A,Received,wuqj75edR0670x.mQmMz0A,"28/05/2025, 14:16:05",Odva.aCuQneLBTlOxeNJcw,QG-A.oJrSF2AmUnmgpDNUg,"28/05/2025, 14:39:05",Barb,Odva.aCuQneLBTlOxeNJcw,"30/05/2025, 15:41:05",Odva.aCuQneLBTlOxeNJcw,Barb,"30/05/2025, 0:00:00",Odva.aCuQneLBTlOxeNJcw,"30/05/2025, 15:41:19",Barb,,https://storage.googleapis.com/glide-prod.appspot.com/uploads-v2/5gyrohBpLyf0trjfoHsp/pub/wLwlGe8AtTqeS9rIygj9/Order%20Lines.csv,,
EwhLYyuO6Etbly7PJ9R1,847e639d-ba2f-4867-ac8f-963c00586540,"28/05/2025, 15:15:01",L0QTd42GQ0GxQ4XjcnJImw,Received,wuqj75edR0670x.mQmMz0A,"28/05/2025, 15:15:01",Odva.aCuQneLBTlOxeNJcw,QG-A.oJrSF2AmUnmgpDNUg,"28/05/2025, 15:19:31",Barb,Odva.aCuQneLBTlOxeNJcw,"28/05/2025, 15:19:36",Odva.aCuQneLBTlOxeNJcw,Barb,"29/05/2025, 0:00:00",Odva.aCuQneLBTlOxeNJcw,"29/05/2025, 16:27:53",Barb,,https://storage.googleapis.com/glide-prod.appspot.com/uploads-v2/5gyrohBpLyf0trjfoHsp/pub/NZT9G7EbwKrKCAHf95yt/Order%20Lines.csv,,
TFKX3xqxzZDGreT9mrnR,210f5bdc-68e1-4c5e-82b0-89bb4c0b22cf,"29/05/2025, 14:01:22",vN5I7OHRT5mTt9oTmVzqvw,Received,wuqj75edR0670x.mQmMz0A,"29/05/2025, 14:01:22",Odva.aCuQneLBTlOxeNJcw,QG-A.oJrSF2AmUnmgpDNUg,"29/05/2025, 14:02:05",Stella,Odva.aCuQneLBTlOxeNJcw,"29/05/2025, 14:02:36",Odva.aCuQneLBTlOxeNJcw,Stella,"29/05/2025, 0:00:00",Odva.aCuQneLBTlOxeNJcw,"29/05/2025, 16:26:57",Barb,,https://storage.googleapis.com/glide-prod.appspot.com/uploads-v2/5gyrohBpLyf0trjfoHsp/pub/WYjoJv4icYJaAwcNCIjv/Order%20Lines.csv,,
vvb2Q1mQccOHcPq0JyUx,a00c20a5-54fc-42ea-956f-af1f5a8f45fd,"29/05/2025, 16:27:54",L0QTd42GQ0GxQ4XjcnJImw,Received,wuqj75edR0670x.mQmMz0A,"29/05/2025, 16:27:54",Odva.aCuQneLBTlOxeNJcw,QG-A.oJrSF2AmUnmgpDNUg,"29/05/2025, 16:32:57",Barb,Odva.aCuQneLBTlOxeNJcw,"30/05/2025, 15:29:15",Odva.aCuQneLBTlOxeNJcw,Barb,"30/05/2025, 0:00:00",Odva.aCuQneLBTlOxeNJcw,"30/05/2025, 15:29:35",Barb,,https://storage.googleapis.com/glide-prod.appspot.com/uploads-v2/5gyrohBpLyf0trjfoHsp/pub/GxQcNoI1jNnT82oh7U5V/Order%20Lines.csv,,
I2T1aqJPaS5qFZCpMwUQ,2b320654-14dc-494f-a818-0fa65b0038b3,"30/05/2025, 13:12:54",w6AhNWWTQsiz3TYH.act5Q,Sent,wuqj75edR0670x.mQmMz0A,"30/05/2025, 13:12:54",Odva.aCuQneLBTlOxeNJcw,QG-A.oJrSF2AmUnmgpDNUg,"30/05/2025, 13:13:36",Hazel,Odva.aCuQneLBTlOxeNJcw,"30/05/2025, 13:13:45",Odva.aCuQneLBTlOxeNJcw,Hazel,,,,,,https://storage.googleapis.com/glide-prod.appspot.com/uploads-v2/5gyrohBpLyf0trjfoHsp/pub/59WBcGtOlKpajelRX1A3/Order%20Lines.csv,,
xUbLgHQ0l75uSwgInBTb,29b3710a-5558-494b-8ada-ef48898dd99a,"30/05/2025, 15:29:45",L0QTd42GQ0GxQ4XjcnJImw,Received,wuqj75edR0670x.mQmMz0A,"30/05/2025, 15:29:45",Odva.aCuQneLBTlOxeNJcw,QG-A.oJrSF2AmUnmgpDNUg,"30/05/2025, 15:36:50",Barb,Odva.aCuQneLBTlOxeNJcw,"30/05/2025, 15:40:23",Odva.aCuQneLBTlOxeNJcw,Barb,"03/06/2025, 0:00:00",Odva.aCuQneLBTlOxeNJcw,"03/06/2025, 15:39:49",Barb,,https://storage.googleapis.com/glide-prod.appspot.com/uploads-v2/5gyrohBpLyf0trjfoHsp/pub/qzdz3Yplnj9hY7sTcEnm/Order%20Lines.csv,,
IXd2G625x5Xr4TJargR1,df7f1a54-0889-474e-bcdd-2bce6fb96fa1,"30/05/2025, 15:40:26",JKGzpLFSRxCfAxNLKmy33A,no-order,mountsorrel@ourpublic.co.uk,"30/05/2025, 15:40:26",Odva.aCuQneLBTlOxeNJcw,QG-A.oJrSF2AmUnmgpDNUg,,,,,,,,,,,,,,
yNm8JVLX2M6czkYa94ev,5ed9e599-700f-48cc-a9c5-508498aa0f22,"30/05/2025, 15:41:20",JKGzpLFSRxCfAxNLKmy33A,Received,wuqj75edR0670x.mQmMz0A,"30/05/2025, 15:41:20",Odva.aCuQneLBTlOxeNJcw,QG-A.oJrSF2AmUnmgpDNUg,"30/05/2025, 15:51:53",Barb,Odva.aCuQneLBTlOxeNJcw,"30/05/2025, 15:53:59",Odva.aCuQneLBTlOxeNJcw,Barb,"31/05/2025, 0:00:00",Odva.aCuQneLBTlOxeNJcw,"01/06/2025, 17:40:40","Stella
",,https://storage.googleapis.com/glide-prod.appspot.com/uploads-v2/5gyrohBpLyf0trjfoHsp/pub/ojwM8zQ3QU8QOrV2Tj2D/Order%20Lines.csv,,
eZKgE5KQOWMxTxvX5JPO,b8688e7a-a004-4289-9486-1f4d1dd71fbe,"01/06/2025, 15:27:48",L0QTd42GQ0GxQ4XjcnJImw,Received,wuqj75edR0670x.mQmMz0A,"01/06/2025, 15:27:48",Odva.aCuQneLBTlOxeNJcw,QG-A.oJrSF2AmUnmgpDNUg,"01/06/2025, 17:39:43",Stella,Odva.aCuQneLBTlOxeNJcw,"01/06/2025, 17:39:50",Odva.aCuQneLBTlOxeNJcw,Stella,"03/06/2025, 0:00:00",Odva.aCuQneLBTlOxeNJcw,"03/06/2025, 15:40:00",Barb,,https://storage.googleapis.com/glide-prod.appspot.com/uploads-v2/5gyrohBpLyf0trjfoHsp/pub/94FKPmpmfwGiR2oXAA3b/Order%20Lines.csv,5,
REUbJf4YvZoVMMOFMGKe,dc64aecc-c48f-4120-ad43-2c68ba7b60fd,"01/06/2025, 17:40:41",JKGzpLFSRxCfAxNLKmy33A,Received,wuqj75edR0670x.mQmMz0A,"01/06/2025, 17:40:41",Odva.aCuQneLBTlOxeNJcw,QG-A.oJrSF2AmUnmgpDNUg,"02/06/2025, 15:09:13","Stella
",Odva.aCuQneLBTlOxeNJcw,"02/06/2025, 15:09:21",Odva.aCuQneLBTlOxeNJcw,"Stella
","02/06/2025, 0:00:00",Odva.aCuQneLBTlOxeNJcw,"06/06/2025, 12:17:02",Magda,,https://storage.googleapis.com/glide-prod.appspot.com/uploads-v2/5gyrohBpLyf0trjfoHsp/pub/y0HlIGNKlqA3ZCZ48HTR/Order%20Lines.csv,5,
2LvvHdtNnGGYSTWLftdV,46c96a57-4ff8-4498-8f5b-be30cd79bc3e,"02/06/2025, 15:10:13",L0QTd42GQ0GxQ4XjcnJImw,Received,wuqj75edR0670x.mQmMz0A,"02/06/2025, 15:10:13",Odva.aCuQneLBTlOxeNJcw,QG-A.oJrSF2AmUnmgpDNUg,"02/06/2025, 15:15:12","Stella
",Odva.aCuQneLBTlOxeNJcw,"03/06/2025, 15:40:25",Odva.aCuQneLBTlOxeNJcw,Barb,"03/06/2025, 0:00:00",Odva.aCuQneLBTlOxeNJcw,"04/06/2025, 9:13:47",Magda,,https://storage.googleapis.com/glide-prod.appspot.com/uploads-v2/5gyrohBpLyf0trjfoHsp/pub/9XcNea2iY7On8NBjZQ8A/Order%20Lines.csv,,
O6BXhllnR12QhRXOfL0n,197a96bf-f127-4489-9f71-c8843397b8e5,"03/06/2025, 8:26:34",8C34O7MZSM2sqBMmQhW7gA,Order Confirmed by Supplier,wuqj75edR0670x.mQmMz0A,"03/06/2025, 8:26:34",Odva.aCuQneLBTlOxeNJcw,QG-A.oJrSF2AmUnmgpDNUg,"03/06/2025, 8:27:32",Jess,Odva.aCuQneLBTlOxeNJcw,"03/06/2025, 8:27:41",Odva.aCuQneLBTlOxeNJcw,Jess,,,,,,https://storage.googleapis.com/glide-prod.appspot.com/uploads-v2/5gyrohBpLyf0trjfoHsp/pub/WGwN2oxzp3zJyCxBal6R/Order%20Lines.csv,,2025-06-03T07:28:26.165Z
Ou26hUacAw3v0AyI3Ybd,a77d47ea-a2c2-4cbe-84d3-202f8cebd490,"03/06/2025, 15:39:20",L0QTd42GQ0GxQ4XjcnJImw,Received,wuqj75edR0670x.mQmMz0A,"03/06/2025, 15:39:20",Odva.aCuQneLBTlOxeNJcw,QG-A.oJrSF2AmUnmgpDNUg,"03/06/2025, 15:46:48",Barb,Odva.aCuQneLBTlOxeNJcw,"03/06/2025, 15:50:15",Odva.aCuQneLBTlOxeNJcw,Barb,"04/06/2025, 0:00:00",Odva.aCuQneLBTlOxeNJcw,"04/06/2025, 9:14:00",Magda,,https://storage.googleapis.com/glide-prod.appspot.com/uploads-v2/5gyrohBpLyf0trjfoHsp/pub/jvaJCyXVR7UopIbdMk4u/Order%20Lines.csv,,
wUOPVqrvvmCaKWXxuGJ7,663d6a4e-fc69-4716-ba86-8ab1bc6aa9fc,"04/06/2025, 9:01:26",sZRVo5.eS5acf7GEVw6eCw,Sent,wuqj75edR0670x.mQmMz0A,"04/06/2025, 9:01:26",Odva.aCuQneLBTlOxeNJcw,QG-A.oJrSF2AmUnmgpDNUg,"04/06/2025, 9:02:01",Magda,Odva.aCuQneLBTlOxeNJcw,"04/06/2025, 9:02:09",Odva.aCuQneLBTlOxeNJcw,Magda,,,,,,https://storage.googleapis.com/glide-prod.appspot.com/uploads-v2/5gyrohBpLyf0trjfoHsp/pub/fHr4rWaoK9S1NofSPF1N/Order%20Lines.csv,5,
7bEIDNRUvDsjcKsNRia1,7d302bdf-af05-4caa-a827-f55f3ef941bc,"04/06/2025, 9:11:36",cOmqAMQhS4W9SwblAgB3PA,Received,wuqj75edR0670x.mQmMz0A,"04/06/2025, 9:11:36",Odva.aCuQneLBTlOxeNJcw,QG-A.oJrSF2AmUnmgpDNUg,"04/06/2025, 9:11:52",Magda,Odva.aCuQneLBTlOxeNJcw,"04/06/2025, 9:11:57",Odva.aCuQneLBTlOxeNJcw,Magda,"05/06/2025, 0:00:00",Odva.aCuQneLBTlOxeNJcw,"11/06/2025, 15:06:40",Barb,,https://storage.googleapis.com/glide-prod.appspot.com/uploads-v2/5gyrohBpLyf0trjfoHsp/pub/23dHmijWx1fC01sCzgi9/Order%20Lines.csv,5,
tzRoGsiOzltc9FqXCPms,170b859f-3f68-4a80-8927-d3140008faab,"04/06/2025, 9:14:06",L0QTd42GQ0GxQ4XjcnJImw,Received,wuqj75edR0670x.mQmMz0A,"04/06/2025, 9:14:06",Odva.aCuQneLBTlOxeNJcw,QG-A.oJrSF2AmUnmgpDNUg,"04/06/2025, 14:36:19",Magda,Odva.aCuQneLBTlOxeNJcw,"04/06/2025, 14:36:25",Odva.aCuQneLBTlOxeNJcw,Magda,"05/06/2025, 0:00:00",Odva.aCuQneLBTlOxeNJcw,"06/06/2025, 12:28:40",Magda,,https://storage.googleapis.com/glide-prod.appspot.com/uploads-v2/5gyrohBpLyf0trjfoHsp/pub/YG434fHXteUFr1l2ccph/Order%20Lines.csv,5,
Eab4y5XiNGm5ux4wmbZR,3a1adab8-9a44-49e1-80e3-334ef9f24dbf,"04/06/2025, 13:39:29",Bt1gPaZnQtKjmnsKW3YezA,Order Confirmed by Supplier,wuqj75edR0670x.mQmMz0A,"04/06/2025, 13:39:29",Odva.aCuQneLBTlOxeNJcw,QG-A.oJrSF2AmUnmgpDNUg,"04/06/2025, 13:40:36",Milly Tyler,Odva.aCuQneLBTlOxeNJcw,"04/06/2025, 13:40:43",Odva.aCuQneLBTlOxeNJcw,Milly,,,,,,https://storage.googleapis.com/glide-prod.appspot.com/uploads-v2/5gyrohBpLyf0trjfoHsp/pub/iJQoCMKfkkuAWTHikt55/Order%20Lines.csv,,2025-06-04T12:57:01.710Z
Lp8dNf3WuM5ctG0UJISo,0fe312da-52c2-4d0a-96d0-a8dcc633f803,"04/06/2025, 13:56:24",JKGzpLFSRxCfAxNLKmy33A,Received,wuqj75edR0670x.mQmMz0A,"04/06/2025, 13:56:24",Odva.aCuQneLBTlOxeNJcw,QG-A.oJrSF2AmUnmgpDNUg,"04/06/2025, 13:59:56",Magda,Odva.aCuQneLBTlOxeNJcw,"04/06/2025, 14:00:11",Odva.aCuQneLBTlOxeNJcw,Magda,"05/06/2025, 0:00:00",Odva.aCuQneLBTlOxeNJcw,"06/06/2025, 12:17:19",Magda,,https://storage.googleapis.com/glide-prod.appspot.com/uploads-v2/5gyrohBpLyf0trjfoHsp/pub/5TMmZZJ3kaloWI1TizkH/Order%20Lines.csv,,
Yd0syYbV5jM9vPGUBO9U,e4862024-ddf4-44e4-b115-a954044d7117,"05/06/2025, 14:44:52",sZRVo5.eS5acf7GEVw6eCw,no-order,wuqj75edR0670x.mQmMz0A,"05/06/2025, 14:44:52",Odva.aCuQneLBTlOxeNJcw,QG-A.oJrSF2AmUnmgpDNUg,,,,,,,,,,,,,,
WH4m72iUr9cjuvES01fA,ed252d0a-9a2c-4bfd-8e55-06c22859e113,"05/06/2025, 14:44:55",L0QTd42GQ0GxQ4XjcnJImw,Received,wuqj75edR0670x.mQmMz0A,"05/06/2025, 14:44:55",Odva.aCuQneLBTlOxeNJcw,QG-A.oJrSF2AmUnmgpDNUg,"05/06/2025, 14:50:37",Magda,Odva.aCuQneLBTlOxeNJcw,"05/06/2025, 14:51:51",Odva.aCuQneLBTlOxeNJcw,Magda,"06/06/2025, 0:00:00",Odva.aCuQneLBTlOxeNJcw,"06/06/2025, 12:28:47",Magda,,https://storage.googleapis.com/glide-prod.appspot.com/uploads-v2/5gyrohBpLyf0trjfoHsp/pub/ukCgPKAA5ZSNNDi34lOo/Order%20Lines.csv,,
VHZCe3xUs6WaX3z116er,36ce0436-6752-46b1-8568-8862dd777f97,"05/06/2025, 17:37:35",AjTs2rKDRt2drnhqSUkbng,Sent,wuqj75edR0670x.mQmMz0A,"05/06/2025, 17:37:35",Odva.aCuQneLBTlOxeNJcw,QG-A.oJrSF2AmUnmgpDNUg,"05/06/2025, 17:39:20",Stella,Odva.aCuQneLBTlOxeNJcw,"05/06/2025, 17:39:26",Odva.aCuQneLBTlOxeNJcw,Stella,,,,,,https://storage.googleapis.com/glide-prod.appspot.com/uploads-v2/5gyrohBpLyf0trjfoHsp/pub/qQbJSgVQfBznjKFaxM59/Order%20Lines.csv,,
RQBrC4YZRSDTGF9kpuwz,67b6aa08-e6bf-4f9f-8c0c-b92bf024388c,"05/06/2025, 17:39:36",IzNRYFFJT.Sje-ugJuIzyQ,Sent,wuqj75edR0670x.mQmMz0A,"05/06/2025, 17:39:36",Odva.aCuQneLBTlOxeNJcw,QG-A.oJrSF2AmUnmgpDNUg,"05/06/2025, 17:42:06",Stella,Odva.aCuQneLBTlOxeNJcw,"05/06/2025, 17:42:16",Odva.aCuQneLBTlOxeNJcw,Stella,,,,,,https://storage.googleapis.com/glide-prod.appspot.com/uploads-v2/5gyrohBpLyf0trjfoHsp/pub/TL8FzQhAZMpT71C9jbNR/Order%20Lines.csv,,
cWP4oKza05Bvbphx9adW,e8814787-9d0f-4edd-8b01-e30279821c2c,"06/06/2025, 12:16:39",sZRVo5.eS5acf7GEVw6eCw,no-order,wuqj75edR0670x.mQmMz0A,"06/06/2025, 12:16:39",Odva.aCuQneLBTlOxeNJcw,QG-A.oJrSF2AmUnmgpDNUg,,,,,,,,,,,,,,
T7tOjcfbgUOKEnSgUkR9,64728f00-ffd5-4caf-8262-79c1f9527769,"06/06/2025, 12:17:27",JKGzpLFSRxCfAxNLKmy33A,Received,wuqj75edR0670x.mQmMz0A,"06/06/2025, 12:17:27",Odva.aCuQneLBTlOxeNJcw,QG-A.oJrSF2AmUnmgpDNUg,"06/06/2025, 12:23:47",Magda,Odva.aCuQneLBTlOxeNJcw,"06/06/2025, 12:26:29",Odva.aCuQneLBTlOxeNJcw,Magda,"07/06/2025, 0:00:00",Odva.aCuQneLBTlOxeNJcw,"09/06/2025, 16:12:30",Magda,,https://storage.googleapis.com/glide-prod.appspot.com/uploads-v2/5gyrohBpLyf0trjfoHsp/pub/zZoaRn2orgf2IdnfD2Kd/Order%20Lines.csv,5,
zwrid6AXo4tKUIqJgYj2,5229807a-5885-443f-a9ab-e06955de1f5d,"06/06/2025, 12:36:21",L0QTd42GQ0GxQ4XjcnJImw,Received,wuqj75edR0670x.mQmMz0A,"06/06/2025, 12:36:21",Odva.aCuQneLBTlOxeNJcw,QG-A.oJrSF2AmUnmgpDNUg,"06/06/2025, 13:02:31",Magda,Odva.aCuQneLBTlOxeNJcw,"06/06/2025, 13:11:31",Odva.aCuQneLBTlOxeNJcw,Magda,"07/06/2025, 0:00:00",Odva.aCuQneLBTlOxeNJcw,"08/06/2025, 11:01:26",Magda,,https://storage.googleapis.com/glide-prod.appspot.com/uploads-v2/5gyrohBpLyf0trjfoHsp/pub/zt5UNWiyfODG4SADcmhT/Order%20Lines.csv,5,
4fSy9Cc7WnPm576GVpBv,f5189106-15b2-4e68-9fb7-6df5481c05e8,"06/06/2025, 14:04:35",4LkK8yfyT6qKO7IEDGKSpw,Order Confirmed by Supplier,wuqj75edR0670x.mQmMz0A,"06/06/2025, 14:04:35",Odva.aCuQneLBTlOxeNJcw,QG-A.oJrSF2AmUnmgpDNUg,"06/06/2025, 14:06:07",Milly,Odva.aCuQneLBTlOxeNJcw,"06/06/2025, 14:06:25",Odva.aCuQneLBTlOxeNJcw,Milly,,,,,,https://storage.googleapis.com/glide-prod.appspot.com/uploads-v2/5gyrohBpLyf0trjfoHsp/pub/OaKyh2RzSdqDCbqQW1dH/Order%20Lines.csv,,2025-06-06T13:15:38.141Z
0oI7YdfGGs6xYmbh7ujB,e6081022-21e3-4ff5-a1f7-d4d3a409709e,"06/06/2025, 14:07:07",w6AhNWWTQsiz3TYH.act5Q,Order Confirmed by Supplier,wuqj75edR0670x.mQmMz0A,"06/06/2025, 14:07:07",Odva.aCuQneLBTlOxeNJcw,QG-A.oJrSF2AmUnmgpDNUg,"06/06/2025, 14:31:21","Milly
",Odva.aCuQneLBTlOxeNJcw,"06/06/2025, 14:31:29",Odva.aCuQneLBTlOxeNJcw,Milly,,,,,,https://storage.googleapis.com/glide-prod.appspot.com/uploads-v2/5gyrohBpLyf0trjfoHsp/pub/AwNc1O08nyQ9ZPsFNyBz/Order%20Lines.csv,,2025-06-06T13:45:15.655Z
FXzNxlShWKlQzt3R2aQC,21b65af5-b1a0-4e78-bde9-8cacc679f3be,"08/06/2025, 11:01:08",sZRVo5.eS5acf7GEVw6eCw,no-order,wuqj75edR0670x.mQmMz0A,"08/06/2025, 11:01:08",Odva.aCuQneLBTlOxeNJcw,QG-A.oJrSF2AmUnmgpDNUg,,,,,,,,,,,,,,
jzc28nX2ivDhsc5NqnvP,700476ba-aff0-4323-a826-a117149a5380,"08/06/2025, 11:01:13",L0QTd42GQ0GxQ4XjcnJImw,Received,wuqj75edR0670x.mQmMz0A,"08/06/2025, 11:01:13",Odva.aCuQneLBTlOxeNJcw,QG-A.oJrSF2AmUnmgpDNUg,"08/06/2025, 15:43:16",Magda,Odva.aCuQneLBTlOxeNJcw,"08/06/2025, 15:44:22",Odva.aCuQneLBTlOxeNJcw,Magda,"09/06/2025, 0:00:00",Odva.aCuQneLBTlOxeNJcw,"09/06/2025, 16:15:55",Magda,,https://storage.googleapis.com/glide-prod.appspot.com/uploads-v2/5gyrohBpLyf0trjfoHsp/pub/YKL0J12xMt58evf2jDl4/Order%20Lines.csv,5,
oMoXrDjBUpSv1STYtlOR,cfe61215-b27a-4120-9d44-941d9a855220,"09/06/2025, 7:39:02",4LkK8yfyT6qKO7IEDGKSpw,Order Confirmed by Supplier,wuqj75edR0670x.mQmMz0A,"09/06/2025, 7:39:02",KqhzlK47Q-KQh2bwsKL9jQ,7kqHOlPlQiaZJYAhTNH5vQ,"09/06/2025, 7:40:04",Mia,KqhzlK47Q-KQh2bwsKL9jQ,"09/06/2025, 7:40:25",KqhzlK47Q-KQh2bwsKL9jQ,Mia,,,,,,https://storage.googleapis.com/glide-prod.appspot.com/uploads-v2/5gyrohBpLyf0trjfoHsp/pub/Trx8xpFzPoprGSuKQSKZ/Order%20Lines.csv,,2025-06-09T07:26:21.465Z
P91I2YfjBRPvO8VG8afC,704a9392-30d5-47bd-97a8-cfddd4aa23ac,"09/06/2025, 8:41:51",L0QTd42GQ0GxQ4XjcnJImw,Sent,wuqj75edR0670x.mQmMz0A,"09/06/2025, 8:41:51",KqhzlK47Q-KQh2bwsKL9jQ,7kqHOlPlQiaZJYAhTNH5vQ,"09/06/2025, 8:59:04",Mia,KqhzlK47Q-KQh2bwsKL9jQ,"09/06/2025, 8:59:20",KqhzlK47Q-KQh2bwsKL9jQ,Mia,,,,,,https://storage.googleapis.com/glide-prod.appspot.com/uploads-v2/5gyrohBpLyf0trjfoHsp/pub/wXGGQMVDpOSwxYAbWTzg/Order%20Lines.csv,,
wwWRAElqJ3Yh1xOzQyH7,288c4b2b-55f6-4f07-8551-ca6f1d5437ff,"09/06/2025, 9:01:37",8C34O7MZSM2sqBMmQhW7gA,Sent,wuqj75edR0670x.mQmMz0A,"09/06/2025, 9:01:37",KqhzlK47Q-KQh2bwsKL9jQ,7kqHOlPlQiaZJYAhTNH5vQ,"09/06/2025, 9:03:22",Mia,KqhzlK47Q-KQh2bwsKL9jQ,"09/06/2025, 9:03:27",KqhzlK47Q-KQh2bwsKL9jQ,Mia,,,,,,https://storage.googleapis.com/glide-prod.appspot.com/uploads-v2/5gyrohBpLyf0trjfoHsp/pub/DDmvHAycB5W3d8wemIKN/Order%20Lines.csv,,
Iaeq4Py3D8yxsNBbnw29,735c739b-2d2e-422e-a3be-e3e3225a9df3,"09/06/2025, 9:04:12",Bt1gPaZnQtKjmnsKW3YezA,Order Confirmed by Supplier,wuqj75edR0670x.mQmMz0A,"09/06/2025, 9:04:12",KqhzlK47Q-KQh2bwsKL9jQ,7kqHOlPlQiaZJYAhTNH5vQ,"09/06/2025, 9:05:36",Mia,KqhzlK47Q-KQh2bwsKL9jQ,"09/06/2025, 9:05:42",KqhzlK47Q-KQh2bwsKL9jQ,Mia,,,,,,https://storage.googleapis.com/glide-prod.appspot.com/uploads-v2/5gyrohBpLyf0trjfoHsp/pub/I1v7hfwsJoKevi2XfY1j/Order%20Lines.csv,,2025-06-09T09:56:11.786Z
UbTsQaVqyYkCxnujYL5B,b73dc835-2630-4383-9de3-5cda96663fea,"09/06/2025, 9:06:32",JKGzpLFSRxCfAxNLKmy33A,Sent,wuqj75edR0670x.mQmMz0A,"09/06/2025, 9:06:32",KqhzlK47Q-KQh2bwsKL9jQ,7kqHOlPlQiaZJYAhTNH5vQ,"09/06/2025, 9:16:48",Mia,KqhzlK47Q-KQh2bwsKL9jQ,"09/06/2025, 9:29:41",KqhzlK47Q-KQh2bwsKL9jQ,Mia,,,,,,https://storage.googleapis.com/glide-prod.appspot.com/uploads-v2/5gyrohBpLyf0trjfoHsp/pub/otZjkr1pLQJX2OruxbEU/Order%20Lines.csv,5,
4trrSpRYwEPhRDEvA13F,649021d9-e969-46ce-bfe9-0b8ec441789e,"09/06/2025, 16:12:30",JKGzpLFSRxCfAxNLKmy33A,Received,wuqj75edR0670x.mQmMz0A,"09/06/2025, 16:12:30",Odva.aCuQneLBTlOxeNJcw,QG-A.oJrSF2AmUnmgpDNUg,"09/06/2025, 16:14:44",Magda,Odva.aCuQneLBTlOxeNJcw,"09/06/2025, 16:18:15",Odva.aCuQneLBTlOxeNJcw,Magda,"10/06/2025, 0:00:00",Odva.aCuQneLBTlOxeNJcw,"11/06/2025, 15:11:23",Barb,,https://storage.googleapis.com/glide-prod.appspot.com/uploads-v2/5gyrohBpLyf0trjfoHsp/pub/lYF5k1NHA1etnGlgysyy/Order%20Lines.csv,5,
rBHKtYK00drwVRf5kOuw,80134242-c3b4-4116-ba95-bda2fa3c1305,"09/06/2025, 16:15:40",L0QTd42GQ0GxQ4XjcnJImw,Received,wuqj75edR0670x.mQmMz0A,"09/06/2025, 16:15:40",Odva.aCuQneLBTlOxeNJcw,QG-A.oJrSF2AmUnmgpDNUg,"09/06/2025, 16:18:37",Magda,Odva.aCuQneLBTlOxeNJcw,"09/06/2025, 16:18:57",Odva.aCuQneLBTlOxeNJcw,Magda,"10/06/2025, 0:00:00",Odva.aCuQneLBTlOxeNJcw,"15/06/2025, 20:49:06",Magda,,https://storage.googleapis.com/glide-prod.appspot.com/uploads-v2/5gyrohBpLyf0trjfoHsp/pub/9HydBIUsT4lzKCs79Lcn/Order%20Lines.csv,5,2025-06-09T15:49:41.722Z
mEKZLfF739z5xO3YWQN3,8c9b6b8d-092a-444c-9cc1-839bc09a0ab4,"09/06/2025, 16:15:38",DF6QirpYT5eNXA0M1A8F5Q,no-order,wuqj75edR0670x.mQmMz0A,"09/06/2025, 16:15:38",Odva.aCuQneLBTlOxeNJcw,QG-A.oJrSF2AmUnmgpDNUg,,,,,,,,,,,,,,
p7Sqa8hrw5N8jd5EWuMc,d575385b-0afc-4862-9321-7a7ac62e9b14,"09/06/2025, 16:15:35",sZRVo5.eS5acf7GEVw6eCw,no-order,wuqj75edR0670x.mQmMz0A,"09/06/2025, 16:15:35",Odva.aCuQneLBTlOxeNJcw,QG-A.oJrSF2AmUnmgpDNUg,,,,,,,,,,,,,,
GWjGbelexhErNFwdtxsI,a0021589-a0b2-44ee-96e2-cc6b17b71cd9,"09/06/2025, 19:37:34",L0QTd42GQ0GxQ4XjcnJImw,Received,wuqj75edR0670x.mQmMz0A,"09/06/2025, 19:37:34",Odva.aCuQneLBTlOxeNJcw,QG-A.oJrSF2AmUnmgpDNUg,"09/06/2025, 19:39:45",Magda,Odva.aCuQneLBTlOxeNJcw,"09/06/2025, 19:39:51",Odva.aCuQneLBTlOxeNJcw,Magda,"10/06/2025, 0:00:00",Odva.aCuQneLBTlOxeNJcw,"15/06/2025, 20:49:19",Magda,,https://storage.googleapis.com/glide-prod.appspot.com/uploads-v2/5gyrohBpLyf0trjfoHsp/pub/QpDpJBNd7e1InriPtVkq/Order%20Lines.csv,5,2025-06-09T19:11:49.154Z
tLeWfkxQwOhZ80ejX1Cp,a974ea02-7860-435b-8b01-ead62c7f096c,"10/06/2025, 12:38:49",8C34O7MZSM2sqBMmQhW7gA,Sent,wuqj75edR0670x.mQmMz0A,"10/06/2025, 12:38:49",Odva.aCuQneLBTlOxeNJcw,QG-A.oJrSF2AmUnmgpDNUg,"10/06/2025, 12:45:09",Hazel,Odva.aCuQneLBTlOxeNJcw,"10/06/2025, 12:45:19",Odva.aCuQneLBTlOxeNJcw,Hazel,,,,,,https://storage.googleapis.com/glide-prod.appspot.com/uploads-v2/5gyrohBpLyf0trjfoHsp/pub/7KPZWVnCoYRY8Xi2FWei/Order%20Lines.csv,,
8RclGATPtK3J3Gxl0Tsv,e3191e8a-fa74-459d-89ae-f4686c19682c,"10/06/2025, 13:09:54",L0QTd42GQ0GxQ4XjcnJImw,Order Confirmed by Supplier,wuqj75edR0670x.mQmMz0A,"10/06/2025, 13:09:54",KqhzlK47Q-KQh2bwsKL9jQ,7kqHOlPlQiaZJYAhTNH5vQ,"10/06/2025, 13:32:23",Simona,KqhzlK47Q-KQh2bwsKL9jQ,"10/06/2025, 13:32:32",KqhzlK47Q-KQh2bwsKL9jQ,Simona,,,,,,https://storage.googleapis.com/glide-prod.appspot.com/uploads-v2/5gyrohBpLyf0trjfoHsp/pub/di4P2dX25LGIgjWOFsrX/Order%20Lines.csv,,2025-06-10T15:16:59.917Z
okBdDLJ6f4GMgrQrPrWR,ca9e2cbf-e136-4757-b74f-f22a8b0cf1b1,"10/06/2025, 13:17:40",IzNRYFFJT.Sje-ugJuIzyQ,Sent,wuqj75edR0670x.mQmMz0A,"10/06/2025, 13:17:40",KqhzlK47Q-KQh2bwsKL9jQ,7kqHOlPlQiaZJYAhTNH5vQ,"10/06/2025, 13:20:14",Mia,KqhzlK47Q-KQh2bwsKL9jQ,"10/06/2025, 13:20:20",KqhzlK47Q-KQh2bwsKL9jQ,Mia,,,,,,https://storage.googleapis.com/glide-prod.appspot.com/uploads-v2/5gyrohBpLyf0trjfoHsp/pub/JgxdpNj0gAQTXwVDbp1f/Order%20Lines.csv,,
8JjAwERfWh3p61azWRtr,c734d9cf-ec60-4fdc-bf34-0d4921504cb9,"10/06/2025, 14:27:56",L0QTd42GQ0GxQ4XjcnJImw,Received,wuqj75edR0670x.mQmMz0A,"10/06/2025, 14:27:56",Odva.aCuQneLBTlOxeNJcw,QG-A.oJrSF2AmUnmgpDNUg,"10/06/2025, 14:46:56",Barb,Odva.aCuQneLBTlOxeNJcw,"10/06/2025, 14:47:59",Odva.aCuQneLBTlOxeNJcw,Barb,"11/06/2025, 0:00:00",Odva.aCuQneLBTlOxeNJcw,"15/06/2025, 20:49:28",Magda,,https://storage.googleapis.com/glide-prod.appspot.com/uploads-v2/5gyrohBpLyf0trjfoHsp/pub/GPXK4cgbPNDWexvFY7x8/Order%20Lines.csv,5,2025-06-10T15:17:10.387Z
zQeccXvRllAUXw1z7IkE,cb4c2aac-fd6f-4602-a08e-209d2533582f,"10/06/2025, 15:44:58",IzNRYFFJT.Sje-ugJuIzyQ,Sent,wuqj75edR0670x.mQmMz0A,"10/06/2025, 15:44:58",VYkpk09VRty1EBzVfCZK5A,nx9eCYAATmuvrHPvNHkb9w,"10/06/2025, 15:51:05",Alee,VYkpk09VRty1EBzVfCZK5A,"10/06/2025, 15:51:39",VYkpk09VRty1EBzVfCZK5A,Alee,,,,,,https://storage.googleapis.com/glide-prod.appspot.com/uploads-v2/5gyrohBpLyf0trjfoHsp/pub/69CrsmvZHV5K9knLluwD/Order%20Lines.csv,,
d2pB5l2PSRtCItPY546X,489bde6a-8d41-4d19-b34d-9e2ecc690eff,"10/06/2025, 16:29:30",L0QTd42GQ0GxQ4XjcnJImw,Order Confirmed by Supplier,wuqj75edR0670x.mQmMz0A,"10/06/2025, 16:29:30",VYkpk09VRty1EBzVfCZK5A,nx9eCYAATmuvrHPvNHkb9w,"10/06/2025, 16:59:09",Nicla ,VYkpk09VRty1EBzVfCZK5A,"10/06/2025, 16:59:29",VYkpk09VRty1EBzVfCZK5A,Nicla ,,,,,,https://storage.googleapis.com/glide-prod.appspot.com/uploads-v2/5gyrohBpLyf0trjfoHsp/pub/VbeeVTKBRzFWjhlO4iYQ/Order%20Lines.csv,5,2025-06-10T17:05:30.951Z
24f7dzfEiJrO76VY8Y9r,d6c030c3-5172-4930-8cfd-65b365e2b043,"10/06/2025, 17:12:34",vN5I7OHRT5mTt9oTmVzqvw,Order Confirmed by Supplier,wuqj75edR0670x.mQmMz0A,"10/06/2025, 17:12:34",Odva.aCuQneLBTlOxeNJcw,QG-A.oJrSF2AmUnmgpDNUg,"10/06/2025, 17:14:08",Stella,Odva.aCuQneLBTlOxeNJcw,"10/06/2025, 17:14:19",Odva.aCuQneLBTlOxeNJcw,Stella,,,,,,https://storage.googleapis.com/glide-prod.appspot.com/uploads-v2/5gyrohBpLyf0trjfoHsp/pub/xHwWQ3dq9CWP3FazPWfr/Order%20Lines.csv,,2025-06-11T10:08:20.516Z
Qyk2kOO9aThQJQKYmY7f,8eaf6640-5c17-4de2-a7c1-94659c8f2bca,"11/06/2025, 8:06:23",cOmqAMQhS4W9SwblAgB3PA,Sent,wuqj75edR0670x.mQmMz0A,"11/06/2025, 8:06:23",KqhzlK47Q-KQh2bwsKL9jQ,7kqHOlPlQiaZJYAhTNH5vQ,"11/06/2025, 8:07:00",Mia,KqhzlK47Q-KQh2bwsKL9jQ,"11/06/2025, 8:07:31",KqhzlK47Q-KQh2bwsKL9jQ,Mia,,,,,,https://storage.googleapis.com/glide-prod.appspot.com/uploads-v2/5gyrohBpLyf0trjfoHsp/pub/imq369Y4hIHxyhqeCvrM/Order%20Lines.csv,,
3yz6Q9hQ9Ll6Ja7jnXY9,87bab1bf-1ceb-4497-8961-9e0f438fea88,"11/06/2025, 8:13:05",DF6QirpYT5eNXA0M1A8F5Q,Pending,wuqj75edR0670x.mQmMz0A,"11/06/2025, 8:13:05",KqhzlK47Q-KQh2bwsKL9jQ,7kqHOlPlQiaZJYAhTNH5vQ,,,,,,,,,,,,,,
ORzc0Z5gqgpsMpytwUjE,da3eeac5-d6bd-4875-bf6a-17f8f75dd299,"11/06/2025, 8:26:55",sZRVo5.eS5acf7GEVw6eCw,Sent,wuqj75edR0670x.mQmMz0A,"11/06/2025, 8:26:55",KqhzlK47Q-KQh2bwsKL9jQ,7kqHOlPlQiaZJYAhTNH5vQ,"11/06/2025, 8:29:09",Mia,KqhzlK47Q-KQh2bwsKL9jQ,"11/06/2025, 8:29:13",KqhzlK47Q-KQh2bwsKL9jQ,Mia,,,,,,https://storage.googleapis.com/glide-prod.appspot.com/uploads-v2/5gyrohBpLyf0trjfoHsp/pub/9GEe83H3agiOJpP7kPGn/Order%20Lines.csv,,
8LCTAWKpajsqhc1FTOuQ,8ae0ae74-e14d-4c78-96db-835c3030230b,"11/06/2025, 11:30:26",8C34O7MZSM2sqBMmQhW7gA,Order Confirmed by Supplier,wuqj75edR0670x.mQmMz0A,"11/06/2025, 11:30:26",VYkpk09VRty1EBzVfCZK5A,nx9eCYAATmuvrHPvNHkb9w,"11/06/2025, 11:34:31",Roland,VYkpk09VRty1EBzVfCZK5A,"11/06/2025, 11:35:05",VYkpk09VRty1EBzVfCZK5A,Roland,,,,,,https://storage.googleapis.com/glide-prod.appspot.com/uploads-v2/5gyrohBpLyf0trjfoHsp/pub/mV0psbhK5xXf4qzZa2DP/Order%20Lines.csv,5,2025-06-12T10:27:45.684Z
AiyKHdLuhhDxhRAIocBv,f52ea117-5c04-456d-bdc2-2ec1ea1786a8,"11/06/2025, 11:36:13",8C34O7MZSM2sqBMmQhW7gA,Received,wuqj75edR0670x.mQmMz0A,"11/06/2025, 11:36:13",VYkpk09VRty1EBzVfCZK5A,nx9eCYAATmuvrHPvNHkb9w,"17/06/2025, 15:28:05",Roland ,VYkpk09VRty1EBzVfCZK5A,"17/06/2025, 15:28:45",VYkpk09VRty1EBzVfCZK5A,Roland ,,VYkpk09VRty1EBzVfCZK5A,"19/06/2025, 16:18:21",,,,5,
35tJSWDGOhtHdEe9MGhk,105d2789-0ec1-41f0-a707-8ec2af8b5ac4,"11/06/2025, 11:50:33",w6AhNWWTQsiz3TYH.act5Q,Sent,wuqj75edR0670x.mQmMz0A,"11/06/2025, 11:50:33",VYkpk09VRty1EBzVfCZK5A,nx9eCYAATmuvrHPvNHkb9w,"11/06/2025, 11:52:07",Roland,VYkpk09VRty1EBzVfCZK5A,"11/06/2025, 11:52:14",VYkpk09VRty1EBzVfCZK5A,Roland,,,,,,https://storage.googleapis.com/glide-prod.appspot.com/uploads-v2/5gyrohBpLyf0trjfoHsp/pub/f4qzSSjmE5SGjJ1qiu8X/Order%20Lines.csv,,
m4f4t5hc4vedtp6tOPXy,3165bc5a-1e94-46e7-a1f1-92dd8c9bddfe,"11/06/2025, 11:55:06",w6AhNWWTQsiz3TYH.act5Q,Order Confirmed by Supplier,wuqj75edR0670x.mQmMz0A,"11/06/2025, 11:55:06",VYkpk09VRty1EBzVfCZK5A,nx9eCYAATmuvrHPvNHkb9w,"11/06/2025, 11:56:11",Roland,VYkpk09VRty1EBzVfCZK5A,"11/06/2025, 11:56:18",VYkpk09VRty1EBzVfCZK5A,Roland,,,,,,https://storage.googleapis.com/glide-prod.appspot.com/uploads-v2/5gyrohBpLyf0trjfoHsp/pub/JAhH1GcrE8UOv8tW68fo/Order%20Lines.csv,,2025-06-11T11:20:08.371Z
kG0csrxKL1SqAosJZIfb,1eba1c06-9766-467a-852a-1fb15ba7ece1,"11/06/2025, 12:03:41",L0QTd42GQ0GxQ4XjcnJImw,Order Confirmed by Supplier,wuqj75edR0670x.mQmMz0A,"11/06/2025, 12:03:41",KqhzlK47Q-KQh2bwsKL9jQ,7kqHOlPlQiaZJYAhTNH5vQ,"11/06/2025, 12:14:34",Mia,KqhzlK47Q-KQh2bwsKL9jQ,"11/06/2025, 12:14:40",KqhzlK47Q-KQh2bwsKL9jQ,Mia,,,,,,https://storage.googleapis.com/glide-prod.appspot.com/uploads-v2/5gyrohBpLyf0trjfoHsp/pub/IniWjADa32wExzbAtOEc/Order%20Lines.csv,,2025-06-11T17:08:46.591Z
z6VUpqDMVrBs1STKQW8T,e5f4f54a-2092-4021-92c4-a9b0d9ac5bf4,"11/06/2025, 14:59:04",L0QTd42GQ0GxQ4XjcnJImw,Received,wuqj75edR0670x.mQmMz0A,"11/06/2025, 14:59:04",Odva.aCuQneLBTlOxeNJcw,QG-A.oJrSF2AmUnmgpDNUg,"11/06/2025, 15:04:08",Bafb,Odva.aCuQneLBTlOxeNJcw,"11/06/2025, 15:04:34",Odva.aCuQneLBTlOxeNJcw,Barb,"12/06/2025, 0:00:00",Odva.aCuQneLBTlOxeNJcw,"12/06/2025, 15:34:25",Barb,,https://storage.googleapis.com/glide-prod.appspot.com/uploads-v2/5gyrohBpLyf0trjfoHsp/pub/cNTGXH5Zkp4ImT0cNsie/Order%20Lines.csv,,
PtM8SSdeaDGeyxLBfTv4,24761c82-f84b-4816-9d76-7b6913156f1f,"11/06/2025, 15:05:59",cOmqAMQhS4W9SwblAgB3PA,Sent,wuqj75edR0670x.mQmMz0A,"11/06/2025, 15:05:59",Odva.aCuQneLBTlOxeNJcw,QG-A.oJrSF2AmUnmgpDNUg,"11/06/2025, 15:06:58",Barb,Odva.aCuQneLBTlOxeNJcw,"11/06/2025, 15:07:11",Odva.aCuQneLBTlOxeNJcw,Barb,,,,,,https://storage.googleapis.com/glide-prod.appspot.com/uploads-v2/5gyrohBpLyf0trjfoHsp/pub/0IPtb8MWkcknFgrK2IqT/Order%20Lines.csv,,
9OYVLwPVhD3VuIV7VI9g,b35e9814-b701-4130-ab82-7e93f81b558d,"11/06/2025, 15:08:53",sZRVo5.eS5acf7GEVw6eCw,Order Confirmed by Supplier,wuqj75edR0670x.mQmMz0A,"11/06/2025, 15:08:53",Odva.aCuQneLBTlOxeNJcw,QG-A.oJrSF2AmUnmgpDNUg,"11/06/2025, 15:09:36",Barb,Odva.aCuQneLBTlOxeNJcw,"11/06/2025, 15:09:43",Odva.aCuQneLBTlOxeNJcw,Barb,,,,,,https://storage.googleapis.com/glide-prod.appspot.com/uploads-v2/5gyrohBpLyf0trjfoHsp/pub/vnU2qNMPVKgBtq0nvoiw/Order%20Lines.csv,,2025-06-15T07:50:45.618Z
VZfQ9FXGQMedYUuC9OiO,2973b51e-30ad-41bb-982d-73dcaeece5f3,"11/06/2025, 15:11:27",JKGzpLFSRxCfAxNLKmy33A,Received,wuqj75edR0670x.mQmMz0A,"11/06/2025, 15:11:27",Odva.aCuQneLBTlOxeNJcw,QG-A.oJrSF2AmUnmgpDNUg,"11/06/2025, 15:20:36",Barb,Odva.aCuQneLBTlOxeNJcw,"11/06/2025, 15:31:37",Odva.aCuQneLBTlOxeNJcw,Barb,"12/06/2025, 0:00:00",Odva.aCuQneLBTlOxeNJcw,"16/06/2025, 11:09:41",Magda,,https://storage.googleapis.com/glide-prod.appspot.com/uploads-v2/5gyrohBpLyf0trjfoHsp/pub/ALVpNkV1YuW0xQiyxiup/Order%20Lines.csv,,
CjwvsyeWpTgHOlP79gvT,58d89994-cca8-4753-ba24-8df6293ccc48,"11/06/2025, 17:07:44",L0QTd42GQ0GxQ4XjcnJImw,Order Confirmed by Supplier,wuqj75edR0670x.mQmMz0A,"11/06/2025, 17:07:44",VYkpk09VRty1EBzVfCZK5A,nx9eCYAATmuvrHPvNHkb9w,"11/06/2025, 17:20:21",Roland,VYkpk09VRty1EBzVfCZK5A,"11/06/2025, 17:20:54",VYkpk09VRty1EBzVfCZK5A,Roland ,,,,,,https://storage.googleapis.com/glide-prod.appspot.com/uploads-v2/5gyrohBpLyf0trjfoHsp/pub/mWfvG00JD20bntJtlQFO/Order%20Lines.csv,5,2025-06-11T17:08:03.912Z
wSpKZH5no3DLJewWQQHS,7c0e23c9-960f-493c-897e-f3eee938dbaf,"12/06/2025, 11:36:44",JKGzpLFSRxCfAxNLKmy33A,Pending,wuqj75edR0670x.mQmMz0A,"12/06/2025, 11:36:44",KqhzlK47Q-KQh2bwsKL9jQ,7kqHOlPlQiaZJYAhTNH5vQ,,,,,,,,,,,,,,
dEf1PcKZExEjOtj0iivK,a99d2cc2-e886-4b89-9eff-2c505c8470e1,"12/06/2025, 11:36:57",L0QTd42GQ0GxQ4XjcnJImw,Order Confirmed by Supplier,wuqj75edR0670x.mQmMz0A,"12/06/2025, 11:36:57",KqhzlK47Q-KQh2bwsKL9jQ,7kqHOlPlQiaZJYAhTNH5vQ,"12/06/2025, 11:47:41",Simona,KqhzlK47Q-KQh2bwsKL9jQ,"12/06/2025, 11:47:47",KqhzlK47Q-KQh2bwsKL9jQ,Simona,,,,,,https://storage.googleapis.com/glide-prod.appspot.com/uploads-v2/5gyrohBpLyf0trjfoHsp/pub/4izvKt5XhLNud4xzZD0n/Order%20Lines.csv,,2025-06-12T13:44:20.817Z
T0OOKP3VeLBUTFhQhKYJ,dcbffc92-68ea-4301-a898-682f2aa7e7a2,"12/06/2025, 11:56:48",IzNRYFFJT.Sje-ugJuIzyQ,Sent,wuqj75edR0670x.mQmMz0A,"12/06/2025, 11:56:48",Odva.aCuQneLBTlOxeNJcw,QG-A.oJrSF2AmUnmgpDNUg,"12/06/2025, 11:58:20",Jess,Odva.aCuQneLBTlOxeNJcw,"12/06/2025, 11:58:24",Odva.aCuQneLBTlOxeNJcw,Jess,,,,,,https://storage.googleapis.com/glide-prod.appspot.com/uploads-v2/5gyrohBpLyf0trjfoHsp/pub/YKDgJxx1As2zIrLonqRW/Order%20Lines.csv,,
UNdCJ23ZUbtD1wzhhQ9d,47ae6882-ffb6-42a3-ac7b-5b04e307c0d6,"12/06/2025, 12:25:48",XGfwgjGhRMu2hWozuW5qRQ,Sent,wuqj75edR0670x.mQmMz0A,"12/06/2025, 12:25:48",Odva.aCuQneLBTlOxeNJcw,QG-A.oJrSF2AmUnmgpDNUg,"12/06/2025, 12:54:54",Jess,Odva.aCuQneLBTlOxeNJcw,"12/06/2025, 12:54:58",Odva.aCuQneLBTlOxeNJcw,Jess,,,,,,https://storage.googleapis.com/glide-prod.appspot.com/uploads-v2/5gyrohBpLyf0trjfoHsp/pub/vZnh6giTSuIal9AbwTAV/Order%20Lines.csv,,
7yT64pQH2Iow7MIbppx7,d529109e-1a05-44f9-b74d-97773efd94dd,"12/06/2025, 14:15:52",AjTs2rKDRt2drnhqSUkbng,Sent,wuqj75edR0670x.mQmMz0A,"12/06/2025, 14:15:52",Odva.aCuQneLBTlOxeNJcw,QG-A.oJrSF2AmUnmgpDNUg,"12/06/2025, 14:16:40",Jess,Odva.aCuQneLBTlOxeNJcw,"12/06/2025, 14:16:43",Odva.aCuQneLBTlOxeNJcw,Jess,,,,,,https://storage.googleapis.com/glide-prod.appspot.com/uploads-v2/5gyrohBpLyf0trjfoHsp/pub/6AFv6IKABkVY9NLzZcd5/Order%20Lines.csv,,
DRU2gk93JWFYle7LWzYS,f0ee0dde-5c6e-4fb3-80b8-acb541b16647,"12/06/2025, 15:34:26",L0QTd42GQ0GxQ4XjcnJImw,Received,wuqj75edR0670x.mQmMz0A,"12/06/2025, 15:34:26",Odva.aCuQneLBTlOxeNJcw,QG-A.oJrSF2AmUnmgpDNUg,"12/06/2025, 15:40:32",Barb,Odva.aCuQneLBTlOxeNJcw,"12/06/2025, 15:41:12",Odva.aCuQneLBTlOxeNJcw,Barb,"13/06/2025, 0:00:00",Odva.aCuQneLBTlOxeNJcw,"15/06/2025, 20:49:36",Magda,,https://storage.googleapis.com/glide-prod.appspot.com/uploads-v2/5gyrohBpLyf0trjfoHsp/pub/FZOiQXPq8bg2GIRv6zHg/Order%20Lines.csv,,
a4ZrdXsrJO2vgbNv6wh6,5353d96f-22e3-41dd-992a-6f9521cda30d,"12/06/2025, 16:11:36",XGfwgjGhRMu2hWozuW5qRQ,Order Confirmed by Supplier,wuqj75edR0670x.mQmMz0A,"12/06/2025, 16:11:36",VYkpk09VRty1EBzVfCZK5A,nx9eCYAATmuvrHPvNHkb9w,"12/06/2025, 16:15:05",Roland ,VYkpk09VRty1EBzVfCZK5A,"12/06/2025, 16:15:16",VYkpk09VRty1EBzVfCZK5A,Roland ,,,,,,https://storage.googleapis.com/glide-prod.appspot.com/uploads-v2/5gyrohBpLyf0trjfoHsp/pub/nnd5E7yALI5VQ6kWixoD/Order%20Lines.csv,,2025-06-12T18:29:13.517Z
A4FIQqgImE7PrXHdangZ,2fb88ab3-b67b-44c3-912c-35d367b6c7ad,"12/06/2025, 16:36:40",L0QTd42GQ0GxQ4XjcnJImw,Sent,wuqj75edR0670x.mQmMz0A,"12/06/2025, 16:36:40",VYkpk09VRty1EBzVfCZK5A,nx9eCYAATmuvrHPvNHkb9w,"12/06/2025, 16:47:03",Nicla,VYkpk09VRty1EBzVfCZK5A,"12/06/2025, 16:48:20",VYkpk09VRty1EBzVfCZK5A,Nicla ,,,,,,https://storage.googleapis.com/glide-prod.appspot.com/uploads-v2/5gyrohBpLyf0trjfoHsp/pub/JtxuHQ8yNvYkV389Sih0/Order%20Lines.csv,5,
I91H4WHNbMPCoWYM9qvl,3ca5af4a-3bac-41e1-a9e0-8b63c18e13af,"12/06/2025, 18:02:51",sZRVo5.eS5acf7GEVw6eCw,Order Confirmed by Supplier,wuqj75edR0670x.mQmMz0A,"12/06/2025, 18:02:51",VYkpk09VRty1EBzVfCZK5A,nx9eCYAATmuvrHPvNHkb9w,"12/06/2025, 18:04:30",Nicla,VYkpk09VRty1EBzVfCZK5A,"12/06/2025, 18:04:39",VYkpk09VRty1EBzVfCZK5A,Nicla ,,,,,,https://storage.googleapis.com/glide-prod.appspot.com/uploads-v2/5gyrohBpLyf0trjfoHsp/pub/3ugIpfU3bb49Ot9qxNvl/Order%20Lines.csv,,2025-06-12T17:05:16.836Z
997rZ4c3qjdOMUNY4TNY,beb8607b-d373-49d8-87e4-c35550baa225,"13/06/2025, 9:52:09",AjTs2rKDRt2drnhqSUkbng,Sent,wuqj75edR0670x.mQmMz0A,"13/06/2025, 9:52:09",VYkpk09VRty1EBzVfCZK5A,nx9eCYAATmuvrHPvNHkb9w,"13/06/2025, 9:54:14",Sophie,VYkpk09VRty1EBzVfCZK5A,"13/06/2025, 9:54:27",VYkpk09VRty1EBzVfCZK5A,Sophie,,,,,,https://storage.googleapis.com/glide-prod.appspot.com/uploads-v2/5gyrohBpLyf0trjfoHsp/pub/cbNE9oPu8TlOrtEnOY3j/Order%20Lines.csv,,
yK1DaNUWTI6pKM2C1ZGx,2924c877-5246-4b7c-90fc-7b942a7878ff,"13/06/2025, 11:52:37",L0QTd42GQ0GxQ4XjcnJImw,Sent,wuqj75edR0670x.mQmMz0A,"13/06/2025, 11:52:37",KqhzlK47Q-KQh2bwsKL9jQ,7kqHOlPlQiaZJYAhTNH5vQ,"13/06/2025, 12:04:09",Simona,KqhzlK47Q-KQh2bwsKL9jQ,"13/06/2025, 12:04:14",KqhzlK47Q-KQh2bwsKL9jQ,Simona,,,,,,https://storage.googleapis.com/glide-prod.appspot.com/uploads-v2/5gyrohBpLyf0trjfoHsp/pub/5aoxolf5iw2VhyfhZUFn/Order%20Lines.csv,,
ePCfW9RCV8YsE3JltnS8,169eecdc-cc30-4173-b0d1-ff29967ee2f2,"13/06/2025, 15:01:11",XhhiGGFWSNmXkPUWC6lvrQ,Sent,wuqj75edR0670x.mQmMz0A,"13/06/2025, 15:01:11",Odva.aCuQneLBTlOxeNJcw,QG-A.oJrSF2AmUnmgpDNUg,"13/06/2025, 15:02:02",Jess,Odva.aCuQneLBTlOxeNJcw,"13/06/2025, 15:02:04",Odva.aCuQneLBTlOxeNJcw,Jess,,,,,,https://storage.googleapis.com/glide-prod.appspot.com/uploads-v2/5gyrohBpLyf0trjfoHsp/pub/43cN0FAI1E9ZM85qXkxm/Order%20Lines.csv,,
wsFClFaL5vL1LAEB4gld,7ff65233-468d-4a72-9030-1ab605eb5bd7,"13/06/2025, 15:23:00",w6AhNWWTQsiz3TYH.act5Q,no-order,wuqj75edR0670x.mQmMz0A,"13/06/2025, 15:23:00",Odva.aCuQneLBTlOxeNJcw,QG-A.oJrSF2AmUnmgpDNUg,,,,,,,,,,,,,,
G0FHNnRTWS5wgaRhe8NO,519fc49a-706c-4570-a6e1-e812c39dabc5,"13/06/2025, 16:36:15",w6AhNWWTQsiz3TYH.act5Q,Pending,wuqj75edR0670x.mQmMz0A,"13/06/2025, 16:36:15",Odva.aCuQneLBTlOxeNJcw,QG-A.oJrSF2AmUnmgpDNUg,,,,,,,,,,,,,,
nM0lOR1DdlQZY0QpiudW,e84d1521-e44e-4ecc-9241-5c9441eecfce,"15/06/2025, 17:33:56",4755CqDMSWW-mRo5VXhXIA,Pending,wuqj75edR0670x.mQmMz0A,"15/06/2025, 17:33:56",VYkpk09VRty1EBzVfCZK5A,nx9eCYAATmuvrHPvNHkb9w,,,,,,,,,,,,,,
RtGXNgYea7PoOka9GcEh,7fd7e2c0-89e8-49d4-b3ed-8c41c7c101d9,"15/06/2025, 19:35:21",L0QTd42GQ0GxQ4XjcnJImw,Sent,wuqj75edR0670x.mQmMz0A,"15/06/2025, 19:35:21",VYkpk09VRty1EBzVfCZK5A,nx9eCYAATmuvrHPvNHkb9w,"15/06/2025, 19:46:25",Nicla,VYkpk09VRty1EBzVfCZK5A,"15/06/2025, 19:46:33",VYkpk09VRty1EBzVfCZK5A,Nicla,,,,,,https://storage.googleapis.com/glide-prod.appspot.com/uploads-v2/5gyrohBpLyf0trjfoHsp/pub/5aoYk9q281PvVyCTXrs0/Order%20Lines.csv,,
GRZhzu5iBNctTr42GVuZ,ed51a7b5-79fb-440c-a9e8-2f466903e424,"15/06/2025, 20:48:42",sZRVo5.eS5acf7GEVw6eCw,no-order,wuqj75edR0670x.mQmMz0A,"15/06/2025, 20:48:42",Odva.aCuQneLBTlOxeNJcw,QG-A.oJrSF2AmUnmgpDNUg,,,,,,,,,,,,,,
B9aBgASPFtMpYU6g61cr,1e4e225c-6122-411b-b71d-49d1fb235e11,"15/06/2025, 20:48:45",L0QTd42GQ0GxQ4XjcnJImw,Received,wuqj75edR0670x.mQmMz0A,"15/06/2025, 20:48:45",Odva.aCuQneLBTlOxeNJcw,QG-A.oJrSF2AmUnmgpDNUg,"15/06/2025, 20:54:24",Magda,Odva.aCuQneLBTlOxeNJcw,"15/06/2025, 20:54:32",Odva.aCuQneLBTlOxeNJcw,Magda,"16/06/2025, 0:00:00",Odva.aCuQneLBTlOxeNJcw,"16/06/2025, 11:07:24",Magda,,https://storage.googleapis.com/glide-prod.appspot.com/uploads-v2/5gyrohBpLyf0trjfoHsp/pub/eJn8Doc9w0XDgNt0zHaA/Order%20Lines.csv,5,
WtXo8742N9RyaoEWpjSa,69fecc66-c184-4bc7-871a-3d379224e001,"16/06/2025, 11:01:36",sZRVo5.eS5acf7GEVw6eCw,no-order,wuqj75edR0670x.mQmMz0A,"16/06/2025, 11:01:36",Odva.aCuQneLBTlOxeNJcw,QG-A.oJrSF2AmUnmgpDNUg,,,,,,,,,,,,,,
cik7UhKx2xMLSl7cCRH4,a91d8695-2e70-46d5-af49-5b40c63bf233,"16/06/2025, 11:01:46",DF6QirpYT5eNXA0M1A8F5Q,no-order,wuqj75edR0670x.mQmMz0A,"16/06/2025, 11:01:46",Odva.aCuQneLBTlOxeNJcw,QG-A.oJrSF2AmUnmgpDNUg,,,,,,,,,,,,,,
FjAYT9Ad2ei95KPVuXwZ,b28a6140-8e23-4ede-9ddb-001174bb8a5d,"16/06/2025, 11:09:30",JKGzpLFSRxCfAxNLKmy33A,Received,wuqj75edR0670x.mQmMz0A,"16/06/2025, 11:09:30",Odva.aCuQneLBTlOxeNJcw,QG-A.oJrSF2AmUnmgpDNUg,"16/06/2025, 11:43:45",Magda,Odva.aCuQneLBTlOxeNJcw,"16/06/2025, 14:01:42",Odva.aCuQneLBTlOxeNJcw,Magda,"17/06/2025, 0:00:00",Odva.aCuQneLBTlOxeNJcw,"20/06/2025, 12:07:45",Magda,,,,
JZmrgNQTl61mU89Vo4mb,4d5484af-9f77-4a33-98fd-d8c75867b0ec,"16/06/2025, 13:50:46",L0QTd42GQ0GxQ4XjcnJImw,no-order,wuqj75edR0670x.mQmMz0A,"16/06/2025, 13:50:46",Odva.aCuQneLBTlOxeNJcw,QG-A.oJrSF2AmUnmgpDNUg,,,,,,,,,,,,,,
D3i1JOBhHogN85tyzVHH,db3cfb24-e682-4bf5-8c2d-5b7c2335b186,"16/06/2025, 14:44:31",L0QTd42GQ0GxQ4XjcnJImw,Order Confirmed by Supplier,wuqj75edR0670x.mQmMz0A,"16/06/2025, 14:44:31",KqhzlK47Q-KQh2bwsKL9jQ,7kqHOlPlQiaZJYAhTNH5vQ,"16/06/2025, 14:52:48",Simona,KqhzlK47Q-KQh2bwsKL9jQ,"16/06/2025, 14:53:09",KqhzlK47Q-KQh2bwsKL9jQ,Simona,,,,,,,,2025-06-16T14:07:54.830Z
68CCNJltYx7NUcQ91Uhv,50a9d5a2-465d-4560-a80e-d04d7f1543fb,"16/06/2025, 14:56:21",8C34O7MZSM2sqBMmQhW7gA,Email Order Sent,wuqj75edR0670x.mQmMz0A,"16/06/2025, 14:56:21",KqhzlK47Q-KQh2bwsKL9jQ,7kqHOlPlQiaZJYAhTNH5vQ,"16/06/2025, 14:58:32",Simona,KqhzlK47Q-KQh2bwsKL9jQ,"16/06/2025, 14:58:37",KqhzlK47Q-KQh2bwsKL9jQ,Simona,,,,,,,,
TnAZG6WjBU42hRnEgYB2,fb3b51c8-6c0a-4761-a1b6-967b2e3ae929,"16/06/2025, 14:56:16",JKGzpLFSRxCfAxNLKmy33A,no-order,wuqj75edR0670x.mQmMz0A,"16/06/2025, 14:56:16",KqhzlK47Q-KQh2bwsKL9jQ,7kqHOlPlQiaZJYAhTNH5vQ,,,,,,,,,,,,,,
T3nHgJzIKto2K3ujbZu0,7d20404d-243e-4152-987c-e99b6d369cf2,"16/06/2025, 14:59:21",IzNRYFFJT.Sje-ugJuIzyQ,Email Order Sent,wuqj75edR0670x.mQmMz0A,"16/06/2025, 14:59:21",KqhzlK47Q-KQh2bwsKL9jQ,7kqHOlPlQiaZJYAhTNH5vQ,"16/06/2025, 15:00:42",Simona,KqhzlK47Q-KQh2bwsKL9jQ,"16/06/2025, 15:00:47",KqhzlK47Q-KQh2bwsKL9jQ,Simona,,,,,,,5,
b4oIdQbwTNSmRhuLpwXK,e9f19d60-38ad-4f7b-837d-e4d97b074c1d,"16/06/2025, 15:01:26",sZRVo5.eS5acf7GEVw6eCw,Order Confirmed by Supplier,wuqj75edR0670x.mQmMz0A,"16/06/2025, 15:01:26",KqhzlK47Q-KQh2bwsKL9jQ,7kqHOlPlQiaZJYAhTNH5vQ,"16/06/2025, 15:02:13",,KqhzlK47Q-KQh2bwsKL9jQ,"16/06/2025, 15:02:18",KqhzlK47Q-KQh2bwsKL9jQ,Simona,,,,,,,,2025-06-16T14:53:22.904Z
TNgmUYIXAf6gvjfIH4hC,82c35573-3a80-4e28-a94b-0fbaf4856c71,"16/06/2025, 15:02:41",cOmqAMQhS4W9SwblAgB3PA,Sent,wuqj75edR0670x.mQmMz0A,"16/06/2025, 15:02:41",KqhzlK47Q-KQh2bwsKL9jQ,7kqHOlPlQiaZJYAhTNH5vQ,"16/06/2025, 15:03:06",Simona,KqhzlK47Q-KQh2bwsKL9jQ,"16/06/2025, 15:03:11",KqhzlK47Q-KQh2bwsKL9jQ,Simona,,,,,,,5,
xd5LbN6BMa6evNvt6Bnl,26fe0e01-4bde-4c06-b458-20fe65ba52f6,"16/06/2025, 15:03:41",Bt1gPaZnQtKjmnsKW3YezA,Order Confirmed by Supplier,wuqj75edR0670x.mQmMz0A,"16/06/2025, 15:03:41",KqhzlK47Q-KQh2bwsKL9jQ,7kqHOlPlQiaZJYAhTNH5vQ,"16/06/2025, 15:04:15",Simona,KqhzlK47Q-KQh2bwsKL9jQ,"16/06/2025, 15:04:20",KqhzlK47Q-KQh2bwsKL9jQ,Simona,,,,,,,,2025-06-16T14:25:15.896Z
4h4UU52L2JJft1a1WYug,d5f39604-246e-4ead-ac47-bc583be2dcf3,"16/06/2025, 15:04:41",vN5I7OHRT5mTt9oTmVzqvw,Pending,wuqj75edR0670x.mQmMz0A,"16/06/2025, 15:04:41",KqhzlK47Q-KQh2bwsKL9jQ,7kqHOlPlQiaZJYAhTNH5vQ,,,,,,,,,,,,,,
Lmcrm77J4g0MOSm7S6UB,b9426cbb-6deb-47cf-b345-8431cb777f11,"17/06/2025, 13:42:51",L0QTd42GQ0GxQ4XjcnJImw,Email Order Sent,wuqj75edR0670x.mQmMz0A,"17/06/2025, 13:42:51",KqhzlK47Q-KQh2bwsKL9jQ,7kqHOlPlQiaZJYAhTNH5vQ,"17/06/2025, 13:47:35",Simona,KqhzlK47Q-KQh2bwsKL9jQ,"17/06/2025, 13:47:40",KqhzlK47Q-KQh2bwsKL9jQ,Simona,,,,,,,,
S4L3LZjcMWAvs8lb6UHq,92bb21c9-a70c-4014-9745-a086841579f9,"17/06/2025, 15:29:26",XhhiGGFWSNmXkPUWC6lvrQ,Pending,wuqj75edR0670x.mQmMz0A,"17/06/2025, 15:29:26",VYkpk09VRty1EBzVfCZK5A,nx9eCYAATmuvrHPvNHkb9w,"17/06/2025, 15:31:26",,VYkpk09VRty1EBzVfCZK5A,,,,,,,,,,,
gPEaK8ZuLk00O34Ezksu,3efcf94f-8afb-4ada-b11f-55ff3b89449c,"17/06/2025, 15:32:12",IzNRYFFJT.Sje-ugJuIzyQ,Email Order Sent,wuqj75edR0670x.mQmMz0A,"17/06/2025, 15:32:12",VYkpk09VRty1EBzVfCZK5A,nx9eCYAATmuvrHPvNHkb9w,"17/06/2025, 15:35:00",Roland ,VYkpk09VRty1EBzVfCZK5A,"17/06/2025, 15:35:37",VYkpk09VRty1EBzVfCZK5A,Roland ,,,,,,,5,
aMkYJdCClZAoAQFimMjl,d1a14014-5837-4b9b-b108-811e58c0a806,"17/06/2025, 16:21:41",XhhiGGFWSNmXkPUWC6lvrQ,no-order,wuqj75edR0670x.mQmMz0A,"17/06/2025, 16:21:41",Odva.aCuQneLBTlOxeNJcw,QG-A.oJrSF2AmUnmgpDNUg,,,,,,,,,,,,,,
vIINd10L6n9YIsDS5SAX,be9e5f40-d421-401f-a417-a59a94292247,"17/06/2025, 16:21:52",vN5I7OHRT5mTt9oTmVzqvw,no-order,wuqj75edR0670x.mQmMz0A,"17/06/2025, 16:21:52",Odva.aCuQneLBTlOxeNJcw,QG-A.oJrSF2AmUnmgpDNUg,,,,,,,,,,,,,,
COMK93zTTthiaXPHE62P,d519f023-df69-42e5-910c-9f30b5e4b875,"17/06/2025, 16:22:11",Bt1gPaZnQtKjmnsKW3YezA,no-order,wuqj75edR0670x.mQmMz0A,"17/06/2025, 16:22:11",Odva.aCuQneLBTlOxeNJcw,QG-A.oJrSF2AmUnmgpDNUg,,,,,,,,,,,,,,
Hu0AuoqQO2weu1xlEapk,831b7c18-cf3f-4255-afe8-8885529ba463,"17/06/2025, 16:22:31",8C34O7MZSM2sqBMmQhW7gA,Email Order Sent,wuqj75edR0670x.mQmMz0A,"17/06/2025, 16:22:31",Odva.aCuQneLBTlOxeNJcw,QG-A.oJrSF2AmUnmgpDNUg,"17/06/2025, 16:23:58","Milly
",Odva.aCuQneLBTlOxeNJcw,"17/06/2025, 16:24:04",Odva.aCuQneLBTlOxeNJcw,Milly,,,,,,,,
Dx2bxKMwKc4qQkV4rgwL,48f753dd-bcd6-49ce-a113-23270504cebb,"17/06/2025, 17:04:22",IzNRYFFJT.Sje-ugJuIzyQ,Email Order Sent,wuqj75edR0670x.mQmMz0A,"17/06/2025, 17:04:22",Odva.aCuQneLBTlOxeNJcw,QG-A.oJrSF2AmUnmgpDNUg,"17/06/2025, 17:08:19",Stella,Odva.aCuQneLBTlOxeNJcw,"17/06/2025, 17:08:24",Odva.aCuQneLBTlOxeNJcw,Stella,,,,,,,,
X4uAeQtENGmzmbr5w7vJ,7d4b9480-49fa-412c-ae36-ec00a5f5f027,"18/06/2025, 13:55:34",L0QTd42GQ0GxQ4XjcnJImw,Email Order Sent,wuqj75edR0670x.mQmMz0A,"18/06/2025, 13:55:34",KqhzlK47Q-KQh2bwsKL9jQ,7kqHOlPlQiaZJYAhTNH5vQ,"18/06/2025, 14:08:51",Simona,KqhzlK47Q-KQh2bwsKL9jQ,"18/06/2025, 14:08:55",KqhzlK47Q-KQh2bwsKL9jQ,Simona,,,,,,,,
5eueuFWqNV03IfQBh6D0,74a83905-4e09-43c3-888d-d2b2e31983d0,"18/06/2025, 14:37:59",sZRVo5.eS5acf7GEVw6eCw,Order Confirmed by Supplier,wuqj75edR0670x.mQmMz0A,"18/06/2025, 14:37:59",Odva.aCuQneLBTlOxeNJcw,QG-A.oJrSF2AmUnmgpDNUg,"18/06/2025, 14:39:03",Barb,Odva.aCuQneLBTlOxeNJcw,"18/06/2025, 14:39:13",Odva.aCuQneLBTlOxeNJcw,Barb,,,,,,,,2025-06-18T13:39:59.418Z
cfac0omqXCynKFFw03yy,22c62401-8e42-4110-b475-673da4de5122,"18/06/2025, 14:40:37",cOmqAMQhS4W9SwblAgB3PA,Email Order Sent,wuqj75edR0670x.mQmMz0A,"18/06/2025, 14:40:37",Odva.aCuQneLBTlOxeNJcw,QG-A.oJrSF2AmUnmgpDNUg,"18/06/2025, 14:41:02",Barb,Odva.aCuQneLBTlOxeNJcw,"18/06/2025, 14:41:08",Odva.aCuQneLBTlOxeNJcw,Barb,"25/06/2025, 0:00:00",,,,,,,
4m4HoZdyCmixbSwfrEJb,c87c316b-3a15-4706-a9b0-59c7e83bb466,"18/06/2025, 15:40:29",L0QTd42GQ0GxQ4XjcnJImw,Received,wuqj75edR0670x.mQmMz0A,"18/06/2025, 15:40:29",Odva.aCuQneLBTlOxeNJcw,QG-A.oJrSF2AmUnmgpDNUg,"18/06/2025, 15:52:25",Barb,Odva.aCuQneLBTlOxeNJcw,"18/06/2025, 15:52:41",Odva.aCuQneLBTlOxeNJcw,Barb,"19/06/2025, 0:00:00",Odva.aCuQneLBTlOxeNJcw,"19/06/2025, 16:49:08",Barb,,,,
ABm1opqanGJszMh2NKrN,2bea710c-b034-46b5-9dba-835b7d21c318,"18/06/2025, 20:41:01",sZRVo5.eS5acf7GEVw6eCw,Order Confirmed by Supplier,wuqj75edR0670x.mQmMz0A,"18/06/2025, 20:41:01",VYkpk09VRty1EBzVfCZK5A,nx9eCYAATmuvrHPvNHkb9w,"18/06/2025, 20:41:34",Sophie,VYkpk09VRty1EBzVfCZK5A,"18/06/2025, 20:41:40",VYkpk09VRty1EBzVfCZK5A,Sophie ,,,,,,,,2025-06-18T19:46:18.460Z
pxQ7kI0Rg5LcVnNNoRaa,886aec2c-38ce-4b2c-b251-38c504374a5d,"19/06/2025, 11:29:25",L0QTd42GQ0GxQ4XjcnJImw,Email Order Sent,wuqj75edR0670x.mQmMz0A,"19/06/2025, 11:29:25",KqhzlK47Q-KQh2bwsKL9jQ,7kqHOlPlQiaZJYAhTNH5vQ,"19/06/2025, 11:41:41",Mia,KqhzlK47Q-KQh2bwsKL9jQ,"19/06/2025, 11:44:52",KqhzlK47Q-KQh2bwsKL9jQ,Mia,,,,,,,,
WLsriXF2zjYQLpsefMbD,96e83205-d56d-4091-b878-b6856e06921b,"19/06/2025, 16:16:53",8C34O7MZSM2sqBMmQhW7gA,Pending,wuqj75edR0670x.mQmMz0A,"19/06/2025, 16:16:53",VYkpk09VRty1EBzVfCZK5A,nx9eCYAATmuvrHPvNHkb9w,,,,,,,,,,,,,,
JeV9mP2LabHds2r5E2uS,fb1433d5-bc78-438d-a71c-29dd2f9410cb,"19/06/2025, 16:20:08",4LkK8yfyT6qKO7IEDGKSpw,Order Confirmed by Supplier,wuqj75edR0670x.mQmMz0A,"19/06/2025, 16:20:08",VYkpk09VRty1EBzVfCZK5A,nx9eCYAATmuvrHPvNHkb9w,"19/06/2025, 16:21:06",Sophie,VYkpk09VRty1EBzVfCZK5A,"19/06/2025, 16:21:51",VYkpk09VRty1EBzVfCZK5A,Sophie,,,,,,,5,2025-06-19T15:23:43.954Z
oDyve92B87Yalfz2jrto,62b9fc59-901c-4167-8db7-3e51ec3ec2ad,"19/06/2025, 16:49:18",L0QTd42GQ0GxQ4XjcnJImw,Received,wuqj75edR0670x.mQmMz0A,"19/06/2025, 16:49:18",Odva.aCuQneLBTlOxeNJcw,QG-A.oJrSF2AmUnmgpDNUg,"19/06/2025, 16:59:24",Barb,Odva.aCuQneLBTlOxeNJcw,"19/06/2025, 16:59:52",Odva.aCuQneLBTlOxeNJcw,Barb,"20/06/2025, 0:00:00",Odva.aCuQneLBTlOxeNJcw,"20/06/2025, 12:35:05",Magda,,,,2025-06-19T16:23:19.311Z
q6L7Kg5JMke8IdtkiDay,36c301cb-aa01-4df0-a09c-77a5b3c9e37d,"19/06/2025, 18:20:56",L0QTd42GQ0GxQ4XjcnJImw,Email Order Sent,wuqj75edR0670x.mQmMz0A,"19/06/2025, 18:20:56",VYkpk09VRty1EBzVfCZK5A,nx9eCYAATmuvrHPvNHkb9w,"19/06/2025, 18:36:55",Nicla,VYkpk09VRty1EBzVfCZK5A,"19/06/2025, 18:38:21",VYkpk09VRty1EBzVfCZK5A,Nicla,,,,,,,,
rETAsSi8yAxGJzrVoTSi,b7e2bda1-7505-4ecd-9ced-09f4a93006b1,"20/06/2025, 9:01:03",AjTs2rKDRt2drnhqSUkbng,Sent,wuqj75edR0670x.mQmMz0A,"20/06/2025, 9:01:03",VYkpk09VRty1EBzVfCZK5A,nx9eCYAATmuvrHPvNHkb9w,"20/06/2025, 9:02:51",Roland ,VYkpk09VRty1EBzVfCZK5A,"20/06/2025, 9:03:53",VYkpk09VRty1EBzVfCZK5A,Roland ,,,,,,,,
tUNDSwLiFFmN78JpQLcG,5c2cd619-e19e-4500-8306-f5c540884c7e,"20/06/2025, 10:55:51",AjTs2rKDRt2drnhqSUkbng,Pending,wuqj75edR0670x.mQmMz0A,"20/06/2025, 10:55:51",VYkpk09VRty1EBzVfCZK5A,nx9eCYAATmuvrHPvNHkb9w,"20/06/2025, 10:56:26",,VYkpk09VRty1EBzVfCZK5A,,,,,,,,,,,
kfpnEeKWCvF0rf7l8umj,0e990194-a283-43f6-ab46-6c5e0bf7c02b,"20/06/2025, 11:02:32",L0QTd42GQ0GxQ4XjcnJImw,Order Confirmed by Supplier,wuqj75edR0670x.mQmMz0A,"20/06/2025, 11:02:32",VYkpk09VRty1EBzVfCZK5A,nx9eCYAATmuvrHPvNHkb9w,"20/06/2025, 16:49:54",Nicla,VYkpk09VRty1EBzVfCZK5A,"20/06/2025, 16:50:01",VYkpk09VRty1EBzVfCZK5A,Nicla,,,,,,,,2025-06-20T16:26:24.922Z
QzdBqO2LqOCzsQ4xZCpi,908c2322-4914-45ce-9e90-b57f657f090f,"20/06/2025, 12:07:28",JKGzpLFSRxCfAxNLKmy33A,Received,wuqj75edR0670x.mQmMz0A,"20/06/2025, 12:07:28",Odva.aCuQneLBTlOxeNJcw,QG-A.oJrSF2AmUnmgpDNUg,"20/06/2025, 12:25:28",Magda,Odva.aCuQneLBTlOxeNJcw,"20/06/2025, 12:34:41",Odva.aCuQneLBTlOxeNJcw,Magda,"21/06/2025, 0:00:00",Odva.aCuQneLBTlOxeNJcw,"23/06/2025, 11:26:41",Magda,,,,
bJiS3w9FiabQvkMl8nZz,a1fb5760-2278-4a79-836c-dc800d47a7da,"20/06/2025, 12:34:46",L0QTd42GQ0GxQ4XjcnJImw,Received,wuqj75edR0670x.mQmMz0A,"20/06/2025, 12:34:46",Odva.aCuQneLBTlOxeNJcw,QG-A.oJrSF2AmUnmgpDNUg,"20/06/2025, 12:44:16",Magda,Odva.aCuQneLBTlOxeNJcw,"20/06/2025, 12:44:23",Odva.aCuQneLBTlOxeNJcw,Magda,"21/06/2025, 0:00:00",Odva.aCuQneLBTlOxeNJcw,"22/06/2025, 15:46:37",Magda,,,5,2025-06-20T12:51:29.194Z
aQTzApr9ei2XOqxKSCmG,2817154e-1df9-46f5-a87f-d2e4b4d946e2,"20/06/2025, 12:45:46",sZRVo5.eS5acf7GEVw6eCw,no-order,wuqj75edR0670x.mQmMz0A,"20/06/2025, 12:45:46",Odva.aCuQneLBTlOxeNJcw,QG-A.oJrSF2AmUnmgpDNUg,,,,,,,,,,,,,,
cKLSDmy41b8AI2eXEQiP,1cb5a1e1-6c07-4bcd-a734-0eb848757ef7,"20/06/2025, 13:38:50",L0QTd42GQ0GxQ4XjcnJImw,Email Order Sent,wuqj75edR0670x.mQmMz0A,"20/06/2025, 13:38:50",KqhzlK47Q-KQh2bwsKL9jQ,7kqHOlPlQiaZJYAhTNH5vQ,"20/06/2025, 14:12:25",Leah,KqhzlK47Q-KQh2bwsKL9jQ,"20/06/2025, 14:12:30",KqhzlK47Q-KQh2bwsKL9jQ,Leah,,,,,,,,
TTnOkRtWlSMCsJgNG7It,90d3ea46-48ca-4d5c-92da-f304cadcaf64,"20/06/2025, 15:53:03",JKGzpLFSRxCfAxNLKmy33A,Sent,wuqj75edR0670x.mQmMz0A,"20/06/2025, 15:53:03",VYkpk09VRty1EBzVfCZK5A,nx9eCYAATmuvrHPvNHkb9w,"20/06/2025, 15:57:20",Nicla,VYkpk09VRty1EBzVfCZK5A,"20/06/2025, 15:58:50",VYkpk09VRty1EBzVfCZK5A,Nicla,,,,,,,,
1FvLJFuZpTQKgGLImXyS,c95d2018-30d9-4d2b-bd33-5fb2a69d5f3f,"21/06/2025, 12:23:30",L0QTd42GQ0GxQ4XjcnJImw,Email Order Sent,wuqj75edR0670x.mQmMz0A,"21/06/2025, 12:23:30",KqhzlK47Q-KQh2bwsKL9jQ,7kqHOlPlQiaZJYAhTNH5vQ,"21/06/2025, 12:35:11",Leah ,KqhzlK47Q-KQh2bwsKL9jQ,"21/06/2025, 12:35:31",KqhzlK47Q-KQh2bwsKL9jQ,Leah,,,,,,,,
Sg99FFX4QcAHal1b8VGx,cbb515d7-2324-47ce-817a-c589c20610e3,"22/06/2025, 15:46:18",sZRVo5.eS5acf7GEVw6eCw,no-order,wuqj75edR0670x.mQmMz0A,"22/06/2025, 15:46:18",Odva.aCuQneLBTlOxeNJcw,QG-A.oJrSF2AmUnmgpDNUg,,,,,,,,,,,,,,
nxHCA27WkklUp8eYNSZR,0b31d836-ed9c-4bd3-b2a9-bf29b1ce4956,"23/06/2025, 11:26:13",DF6QirpYT5eNXA0M1A8F5Q,no-order,wuqj75edR0670x.mQmMz0A,"23/06/2025, 11:26:13",Odva.aCuQneLBTlOxeNJcw,QG-A.oJrSF2AmUnmgpDNUg,,,,,,,,,,,,,,
l6BpzPI5ZfbOCUP4TtQu,a0466b8b-3804-4b09-bdf7-03abf54394d5,"23/06/2025, 11:26:21",sZRVo5.eS5acf7GEVw6eCw,no-order,wuqj75edR0670x.mQmMz0A,"23/06/2025, 11:26:21",Odva.aCuQneLBTlOxeNJcw,QG-A.oJrSF2AmUnmgpDNUg,,,,,,,,,,,,,,
zOwQxOxH8Byf116CkGwJ,fba52a72-769a-4fc1-b213-8acc182c4750,"23/06/2025, 11:34:03",JKGzpLFSRxCfAxNLKmy33A,no-order,wuqj75edR0670x.mQmMz0A,"23/06/2025, 11:34:03",Odva.aCuQneLBTlOxeNJcw,QG-A.oJrSF2AmUnmgpDNUg,,,,,,,,,,,,,,
ynZOI1f3uJJ4JbuPvdZu,2d17f935-409d-4482-9f47-03ff89f49132,"23/06/2025, 14:24:29",L0QTd42GQ0GxQ4XjcnJImw,Order Confirmed by Supplier,wuqj75edR0670x.mQmMz0A,"23/06/2025, 14:24:29",KqhzlK47Q-KQh2bwsKL9jQ,7kqHOlPlQiaZJYAhTNH5vQ,"23/06/2025, 14:30:44",Mia,KqhzlK47Q-KQh2bwsKL9jQ,"23/06/2025, 14:30:51",KqhzlK47Q-KQh2bwsKL9jQ,Mia,,,,,,,,2025-06-23T19:39:52.209Z
f3a45xWnPuoS8MdyBbkO,41e90b54-0a71-443f-93d6-d75d695558ae,"23/06/2025, 14:44:04",4LkK8yfyT6qKO7IEDGKSpw,Order Confirmed by Supplier,wuqj75edR0670x.mQmMz0A,"23/06/2025, 14:44:04",KqhzlK47Q-KQh2bwsKL9jQ,7kqHOlPlQiaZJYAhTNH5vQ,"23/06/2025, 14:46:10",Mia,KqhzlK47Q-KQh2bwsKL9jQ,"23/06/2025, 14:46:25",KqhzlK47Q-KQh2bwsKL9jQ,Mia,,,,,,,5,2025-06-23T13:47:48.170Z
AO5R70Tl21d2CclXeP0M,f8748b12-b8c2-47c8-9a5e-0f082a1be4d4,"24/06/2025, 13:07:42",IzNRYFFJT.Sje-ugJuIzyQ,Email Order Sent,wuqj75edR0670x.mQmMz0A,"24/06/2025, 13:07:42",VYkpk09VRty1EBzVfCZK5A,nx9eCYAATmuvrHPvNHkb9w,"24/06/2025, 13:27:45",Sophie,VYkpk09VRty1EBzVfCZK5A,"24/06/2025, 13:27:52",VYkpk09VRty1EBzVfCZK5A,Sophie,,,,,,,5,
G9kMYY4UUlsRytj10zrB,cd2e84e1-4912-44ff-8b27-9c18432aede0,"24/06/2025, 13:28:39",vN5I7OHRT5mTt9oTmVzqvw,Order Confirmed by Supplier,wuqj75edR0670x.mQmMz0A,"24/06/2025, 13:28:39",VYkpk09VRty1EBzVfCZK5A,nx9eCYAATmuvrHPvNHkb9w,"24/06/2025, 13:30:46",Sophie,VYkpk09VRty1EBzVfCZK5A,"24/06/2025, 13:30:52",VYkpk09VRty1EBzVfCZK5A,Sophie,,,,,,,5,2025-06-24T16:45:36.180Z
Ojeb0AgRrizqL8fb9K9N,b0aaa35e-2233-4686-bec1-8050eca478a3,"24/06/2025, 13:35:09",w6AhNWWTQsiz3TYH.act5Q,Pending,wuqj75edR0670x.mQmMz0A,"24/06/2025, 13:35:09",VYkpk09VRty1EBzVfCZK5A,nx9eCYAATmuvrHPvNHkb9w,,,,,,,,,,,,,,
OfuZmntlxiFFmF0silCv,9c761cff-02c2-4c44-907c-a92a5e1e8a22,"24/06/2025, 14:03:44",DF6QirpYT5eNXA0M1A8F5Q,Order Confirmed by Supplier,wuqj75edR0670x.mQmMz0A,"24/06/2025, 14:03:44",KqhzlK47Q-KQh2bwsKL9jQ,7kqHOlPlQiaZJYAhTNH5vQ,"24/06/2025, 14:04:59",Simona,KqhzlK47Q-KQh2bwsKL9jQ,"24/06/2025, 14:05:04",KqhzlK47Q-KQh2bwsKL9jQ,Simona,,,,,,,,2025-06-24T13:06:53.055Z
3SxX4GTQxpsoqXcuYblD,bdee8ab1-ee80-472d-a46f-5524a74fae03,"24/06/2025, 14:05:47",IzNRYFFJT.Sje-ugJuIzyQ,Email Order Sent,wuqj75edR0670x.mQmMz0A,"24/06/2025, 14:05:47",KqhzlK47Q-KQh2bwsKL9jQ,7kqHOlPlQiaZJYAhTNH5vQ,"24/06/2025, 14:07:06",Simona ,KqhzlK47Q-KQh2bwsKL9jQ,"24/06/2025, 14:07:11",KqhzlK47Q-KQh2bwsKL9jQ,Simona ,,,,,,,5,
EGHcqnvtd51BV18LUfR9,55e7e85b-b43e-4dc6-9397-01643effd7ac,"24/06/2025, 14:08:12",cOmqAMQhS4W9SwblAgB3PA,Email Order Sent,wuqj75edR0670x.mQmMz0A,"24/06/2025, 14:08:12",KqhzlK47Q-KQh2bwsKL9jQ,7kqHOlPlQiaZJYAhTNH5vQ,"24/06/2025, 14:08:52",Simona ,KqhzlK47Q-KQh2bwsKL9jQ,"24/06/2025, 14:08:57",KqhzlK47Q-KQh2bwsKL9jQ,Simona,,,,,,,5,
aP20v0RA9RrwK64eJ82q,1bc9e7c9-96d4-4113-b1e1-2ab1d352be63,"24/06/2025, 14:18:21",L0QTd42GQ0GxQ4XjcnJImw,Sent,wuqj75edR0670x.mQmMz0A,"24/06/2025, 14:18:21",KqhzlK47Q-KQh2bwsKL9jQ,7kqHOlPlQiaZJYAhTNH5vQ,"24/06/2025, 14:35:48",Leah,KqhzlK47Q-KQh2bwsKL9jQ,"24/06/2025, 14:35:57",KqhzlK47Q-KQh2bwsKL9jQ,Leah,,,,,,,,
rAXLtk0umCAJwwuGcJgz,222a8f72-455b-4572-bf5c-125e8b69b8d1,"24/06/2025, 15:19:18",8C34O7MZSM2sqBMmQhW7gA,Order Confirmed by Supplier,wuqj75edR0670x.mQmMz0A,"24/06/2025, 15:19:18",Odva.aCuQneLBTlOxeNJcw,QG-A.oJrSF2AmUnmgpDNUg,"24/06/2025, 15:20:33",Jess,Odva.aCuQneLBTlOxeNJcw,"24/06/2025, 15:20:39",Odva.aCuQneLBTlOxeNJcw,Jess,,,,,,,,2025-06-25T11:42:42.884Z
SKECf0aRRcQxCNiASAlH,75d8cc03-4663-4516-a688-37f453090339,"24/06/2025, 19:36:48",L0QTd42GQ0GxQ4XjcnJImw,Order Confirmed by Supplier,wuqj75edR0670x.mQmMz0A,"24/06/2025, 19:36:48",VYkpk09VRty1EBzVfCZK5A,nx9eCYAATmuvrHPvNHkb9w,"24/06/2025, 19:43:39",Nicla,VYkpk09VRty1EBzVfCZK5A,"24/06/2025, 19:44:00",VYkpk09VRty1EBzVfCZK5A,Nicla,,,,,,,,2025-06-24T19:24:36.206Z
oW9LSA4gcBgx9D7f481n,698a80c9-9901-47be-801f-fe4859b92b0c,"25/06/2025, 14:27:16",L0QTd42GQ0GxQ4XjcnJImw,Email Order Sent,wuqj75edR0670x.mQmMz0A,"25/06/2025, 14:27:16",KqhzlK47Q-KQh2bwsKL9jQ,7kqHOlPlQiaZJYAhTNH5vQ,"25/06/2025, 14:48:57",Leah,KqhzlK47Q-KQh2bwsKL9jQ,"25/06/2025, 14:49:31",KqhzlK47Q-KQh2bwsKL9jQ,Leah,,,,,,,,
hi4lk6IHSFA8b1TmdByW,3d64d7a3-3472-4d90-9de1-fbbd6bbd5556,"25/06/2025, 14:51:45",IzNRYFFJT.Sje-ugJuIzyQ,Email Order Sent,wuqj75edR0670x.mQmMz0A,"25/06/2025, 14:51:45",Odva.aCuQneLBTlOxeNJcw,QG-A.oJrSF2AmUnmgpDNUg,"25/06/2025, 14:52:56",Jess,Odva.aCuQneLBTlOxeNJcw,"25/06/2025, 14:52:59",Odva.aCuQneLBTlOxeNJcw,Jess,,,,,,,,
2XKW2Iflz1UGcRbu7vvp,63ed821f-bcf2-44d9-899e-8ac060a2d11c,"25/06/2025, 14:53:56",sZRVo5.eS5acf7GEVw6eCw,Order Confirmed by Supplier,wuqj75edR0670x.mQmMz0A,"25/06/2025, 14:53:56",Odva.aCuQneLBTlOxeNJcw,QG-A.oJrSF2AmUnmgpDNUg,"25/06/2025, 14:55:16",Barb,Odva.aCuQneLBTlOxeNJcw,"25/06/2025, 14:55:33",Odva.aCuQneLBTlOxeNJcw,Barb,,,,,,,,2025-06-25T13:56:01.604Z
64MnDjekwYt25dS5bZ5x,4b43117a-9493-4246-96a9-cbcfe838bb7b,"25/06/2025, 15:05:17",cOmqAMQhS4W9SwblAgB3PA,Email Order Sent,wuqj75edR0670x.mQmMz0A,"25/06/2025, 15:05:17",Odva.aCuQneLBTlOxeNJcw,QG-A.oJrSF2AmUnmgpDNUg,"25/06/2025, 15:05:46",Barb,Odva.aCuQneLBTlOxeNJcw,"25/06/2025, 15:05:51",Odva.aCuQneLBTlOxeNJcw,Barb,,,,,,,,
TlLfAhXhwH8tMDptEHQZ,6fc560f5-8e12-402b-84e9-57d42a7e3df9,"25/06/2025, 15:12:08",L0QTd42GQ0GxQ4XjcnJImw,Email Order Sent,wuqj75edR0670x.mQmMz0A,"25/06/2025, 15:12:08",Odva.aCuQneLBTlOxeNJcw,QG-A.oJrSF2AmUnmgpDNUg,"25/06/2025, 15:20:58",Barb,Odva.aCuQneLBTlOxeNJcw,"25/06/2025, 15:21:04",Odva.aCuQneLBTlOxeNJcw,Barb,,,,,,,,
lMRQiNBZWFiyv1L7v3Dx,47fc28d0-654d-4ca0-a510-a02354b5e5d9,"25/06/2025, 17:44:46",L0QTd42GQ0GxQ4XjcnJImw,Email Order Sent,wuqj75edR0670x.mQmMz0A,"25/06/2025, 17:44:46",VYkpk09VRty1EBzVfCZK5A,nx9eCYAATmuvrHPvNHkb9w,"25/06/2025, 17:55:35",Oscar,VYkpk09VRty1EBzVfCZK5A,"26/06/2025, 8:45:44",VYkpk09VRty1EBzVfCZK5A,Roland ,,,,,,,,
QPlYfYufcw5UsfOZivVx,39f38655-8e20-4332-88c4-2dba63897421,"26/06/2025, 9:57:28",Ex7AoBjaSbaWlVnxUFILog,Closed,7jWCFKO9SGmYNSUTyjdRSw,"26/06/2025, 9:57:28",trBDUhcWTzusuQFFoDjcRw,Wrb-5IgyT1-lRXkb77zs6Q,"26/06/2025, 9:58:01",jon,trBDUhcWTzusuQFFoDjcRw,,,Jon,,,,,,,,