ðŸ”’ SKU Row ID,Product Code,Product Name,Zonal/Added to Zonal,Unit,Cost,Supplier ID,Active/Active,Sorting/Pin,History/Created Timestamp,History/Created by User,Import/DatafromCSV ID,Par API/SKU Added to Par Helper,Mask API/Added to SKU Mask,Ownership/Org ID,Flag/Flag,Flag/Flag Message,History/Last updated,History/Last updated by,Delete,Set/Auto-Quantity Weekday,Notes/SKU Global Note
t7LMzhcxRvKur6K0a9fSzg,34539,Granulated Sugar,true,10kg,17.09,JKGzpLFSRxCfAxNLKmy33A,true,false,"05/02/2025, 9:36:14",LkDqWOiPRS-D6iEdWCD9IA,iYRKKTsOTIe.v-FmM80TZw,true,true,wuqj75edR0670x.mQmMz0A,,,,,,,
gAs-4ignSX23QZXh2S9UmA,6203,Heinz Beans,true,24 x 415g,33.99,JKGzpLFSRxCfAxNLKmy33A,true,,"05/02/2025, 9:36:14",LkDqWOiPRS-D6iEdWCD9IA,Rw9Q0dlwSZOeOGZtuSEbkw,true,true,wuqj75edR0670x.mQmMz0A,,,,,,,
l-acw3uPTNOuXeKAKkLaxQ,59035,Cooked Turkey Sadle,true,3.63kg,37.95,JKGzpLFSRxCfAxNLKmy33A,false,,"05/02/2025, 9:36:14",LkDqWOiPRS-D6iEdWCD9IA,XeepAePIQAKo.cUVax.Wsw,true,true,wuqj75edR0670x.mQmMz0A,false,seasonal?,"13/06/2025, 12:48:50",Yf4mVmvKQDqbClJDREe1rQ,,,
i8NONUXaTKiFFipWG5X4Jg,16327,Truffle Oil,true,250g,7.19,JKGzpLFSRxCfAxNLKmy33A,true,,"05/02/2025, 9:36:14",LkDqWOiPRS-D6iEdWCD9IA,ViW7-2.GSxmdYXLF-it4ww,true,true,wuqj75edR0670x.mQmMz0A,,,,,,,
wsSveKriRauwtYpuQuQxfA,6058,Philadelphia,true,1.65kg,17.99,JKGzpLFSRxCfAxNLKmy33A,true,,"05/02/2025, 9:36:14",LkDqWOiPRS-D6iEdWCD9IA,xlvJurfiQVipb4ElX8E8lQ,true,true,wuqj75edR0670x.mQmMz0A,,,,,,,
SRr0e6V2Sv-.Mo0j6Wlokg,10057512023BT06,Mucchietto Fiano IGT Puglia 2022,true,6 x 75cl,7.78,a.3hkq3OGSyWf66d3VFCiPg,true,,"05/02/2025, 9:36:14",LkDqWOiPRS-D6iEdWCD9IA,ltDrvswNRLi6tCNinfSSEQ,true,true,wuqj75edR0670x.mQmMz0A,,,,,,,
K8DJ7wUeQhCsbYvewaOFLQ,82279,Chickpeas,true,6 x 2.55kg,23.22,JKGzpLFSRxCfAxNLKmy33A,true,,"05/02/2025, 9:36:14",LkDqWOiPRS-D6iEdWCD9IA,yxrnxC1eTjizOu6P9aA-Pw,true,true,wuqj75edR0670x.mQmMz0A,,,,,,,
lJ7ehfu-R4SEtsVO0PSRVw,43265,Bagels,true,48 x 115g,15,JKGzpLFSRxCfAxNLKmy33A,true,,"05/02/2025, 9:36:14",LkDqWOiPRS-D6iEdWCD9IA,sg5jR8GJToe6iYchN3iWKQ,true,true,wuqj75edR0670x.mQmMz0A,,,,,,,
5sjD5o5qS7O3rLGoJGcOOg,9417,Cinnamon,true,450g,6.25,JKGzpLFSRxCfAxNLKmy33A,true,,"05/02/2025, 9:36:14",LkDqWOiPRS-D6iEdWCD9IA,4..wTn7rRiik4SqarcUTcg,true,true,wuqj75edR0670x.mQmMz0A,,,,,,,
nNxROVdcTQWwk3yueCNr9w,54328,Release Spray,true,600ml,5.28,JKGzpLFSRxCfAxNLKmy33A,true,,"05/02/2025, 9:36:14",LkDqWOiPRS-D6iEdWCD9IA,rdZWeoRSSaCstNX8fvX7CQ,true,true,wuqj75edR0670x.mQmMz0A,,,,,,,
2EjO6ntGR6aYIuyVPTeLZQ,54808,Icing Sugar,true,3kg,5.99,JKGzpLFSRxCfAxNLKmy33A,true,,"05/02/2025, 9:36:14",LkDqWOiPRS-D6iEdWCD9IA,EHbg.HpcSzOLzccTGufBcw,true,true,wuqj75edR0670x.mQmMz0A,,,,,,,
GoDkbnu9RYCZTUGLRFlApw,71036,Demerara Sugar,true,3kg,6.5,JKGzpLFSRxCfAxNLKmy33A,true,,"05/02/2025, 9:36:14",LkDqWOiPRS-D6iEdWCD9IA,KirGNcuPQ2O2GqiCxo.CvQ,true,true,wuqj75edR0670x.mQmMz0A,,,,,,,
QaB5Z29bQBGWPYXdpVm.fg,37774,Nutella,true,3kg,22.99,JKGzpLFSRxCfAxNLKmy33A,true,,"05/02/2025, 9:36:14",LkDqWOiPRS-D6iEdWCD9IA,Io-2NK3nTAGqD.CfjSbZIg,true,true,wuqj75edR0670x.mQmMz0A,,,,,,,
MGljPev6QzmyAWm9Uv5UIQ,2982,Almond Essence,true,500ml,2.99,JKGzpLFSRxCfAxNLKmy33A,true,,"05/02/2025, 9:36:14",LkDqWOiPRS-D6iEdWCD9IA,7OnxuRCwR9KVt.Ed8XM4oA,true,true,wuqj75edR0670x.mQmMz0A,false,,,,,,
WPxIhfJ2RPy0Cez7F0irnQ,5395,Mini Jam Jars,true,72 x 28g,22.5,JKGzpLFSRxCfAxNLKmy33A,true,,"05/02/2025, 9:36:14",LkDqWOiPRS-D6iEdWCD9IA,au6Nylz.T7ynokJtzYQjUA,true,true,wuqj75edR0670x.mQmMz0A,,,,,,,
vbLEFZd0ShWR60jEJRoQ5Q,7509,Vanilla Essence,true,500ml,3.37,JKGzpLFSRxCfAxNLKmy33A,true,,"05/02/2025, 9:36:14",LkDqWOiPRS-D6iEdWCD9IA,zLm.qwXOQhKastqQg7UcvA,true,true,wuqj75edR0670x.mQmMz0A,,,,,,,
77XQA4OQRsWx9Cee6rxdLw,N/A,Jeeves & Jericho Lemon & Ginger Tea,true,1 x 100,21.5,w6AhNWWTQsiz3TYH.act5Q,true,,"05/02/2025, 9:36:14",LkDqWOiPRS-D6iEdWCD9IA,KIMsyEcOTgiooYBqb-jH2w,true,true,wuqj75edR0670x.mQmMz0A,,,,,,,
2SvoqDw7TDeZE7AMHr4Lww,4597,Maple Syrup,true,620g,7.5,JKGzpLFSRxCfAxNLKmy33A,true,,"05/02/2025, 9:36:14",LkDqWOiPRS-D6iEdWCD9IA,PvVTnLCYSyyI-zVvjR3EWw,true,true,wuqj75edR0670x.mQmMz0A,,,,,,,
KfN4SmeQQCGtYu8sawxqMQ,37068,Soft Brown Sugar,true,10 x 500g,10.99,JKGzpLFSRxCfAxNLKmy33A,true,,"05/02/2025, 9:36:14",LkDqWOiPRS-D6iEdWCD9IA,a-nbYxTEoSkOOteJNZpO0IA,true,true,wuqj75edR0670x.mQmMz0A,,,,,,,
LqDLG-3BQmusemn9ULXAXA,55396,Super Flapjack,true,1 x 12,17.63,JKGzpLFSRxCfAxNLKmy33A,true,,"05/02/2025, 9:36:14",LkDqWOiPRS-D6iEdWCD9IA,zNZdh1l4R7--cJhmi8uNtw,true,true,wuqj75edR0670x.mQmMz0A,,,,,,,
HziGAr3UTbu1oy-ek3hhvA,N/A,Jeeves & Jericho English Breakfast Tea,true,1 x 100,20.5,w6AhNWWTQsiz3TYH.act5Q,true,,"05/02/2025, 9:36:14",LkDqWOiPRS-D6iEdWCD9IA,BPCdd8jITWqWDyhuHVeICw,true,true,wuqj75edR0670x.mQmMz0A,,,,,,,
fN6ywhNySHW4zGB5Nk.Oyw,N/A,Jeeves & Jericho Gunpowder Green Tea,true,1 x 100,21.5,w6AhNWWTQsiz3TYH.act5Q,true,,"05/02/2025, 9:36:14",LkDqWOiPRS-D6iEdWCD9IA,a.7Jmpnz-RJqQ3rtiE0X96g,true,true,wuqj75edR0670x.mQmMz0A,,,,,,,
tic8S3LcRR6qPXQwGD6J.w,8064,White Vinegar,true,5 Litre,3.95,JKGzpLFSRxCfAxNLKmy33A,true,,"05/02/2025, 9:36:14",LkDqWOiPRS-D6iEdWCD9IA,IAuOPM1lTQ6XdJ2Db9yBPQ,true,true,wuqj75edR0670x.mQmMz0A,,,,,,,
gh9IpVg2S5uuldn1GZRywA,40082,Tahini,true,900g,8.66,JKGzpLFSRxCfAxNLKmy33A,true,,"05/02/2025, 9:36:14",LkDqWOiPRS-D6iEdWCD9IA,84mQFgBCRGCgK8yH9BBFAA,true,true,wuqj75edR0670x.mQmMz0A,,,,,,,
I8O5XWV.R9WEtzg6cciUtg,4065,Ultimate Carrot,true,1 x 18,25.95,AjTs2rKDRt2drnhqSUkbng,true,,"05/02/2025, 9:36:14",LkDqWOiPRS-D6iEdWCD9IA,7fV5lUG9RBKsjdpGVLCKaQ,true,true,wuqj75edR0670x.mQmMz0A,,,,,,,
6nwe1LfRRnS8MYiuy8DXQw,9848,HP Sauce,true,2 Litre,10.5,JKGzpLFSRxCfAxNLKmy33A,true,,"05/02/2025, 9:36:14",LkDqWOiPRS-D6iEdWCD9IA,wetyqVLMQneNjdGcY3Trtw,true,true,wuqj75edR0670x.mQmMz0A,,,,,,,
xVXsrLf7S8in7TBIEcy8cg,44112,Milk Chocolate Callets,true,5KG,73.95,JKGzpLFSRxCfAxNLKmy33A,true,,"05/02/2025, 9:36:14",LkDqWOiPRS-D6iEdWCD9IA,u4uLveN-RuaBw1czP0P0DQ,true,true,wuqj75edR0670x.mQmMz0A,,,,,,,
E3hpNgakSleya2bkdTAMWQ,7839,Heinz Ketchup,true,2 x 2.15 Litre,24,JKGzpLFSRxCfAxNLKmy33A,true,,"05/02/2025, 9:36:14",LkDqWOiPRS-D6iEdWCD9IA,rkcxws8HTxGwSs3zF7UC4w,true,true,wuqj75edR0670x.mQmMz0A,,,,,,,
nRmJdNqxQLWBpU8fdKK6GA,10037092023BT06,Pinot Grigio Rose Montevento 2023,true,6 x 75cl,6.59,a.3hkq3OGSyWf66d3VFCiPg,true,,"05/02/2025, 9:36:14",LkDqWOiPRS-D6iEdWCD9IA,3SQsNu9dRnCI40Y6jZNCOw,true,true,wuqj75edR0670x.mQmMz0A,,,,,,,
9vPiJxB6QFeSewmT9CqmMA,30287,Granulated Sugar,true,5kg,8.54,JKGzpLFSRxCfAxNLKmy33A,true,,"05/02/2025, 9:36:14",LkDqWOiPRS-D6iEdWCD9IA,N4tBKgi0QoyVVrmhdx5Pdw,true,true,wuqj75edR0670x.mQmMz0A,,,,,,,
m0ZX2ZLvTi2j9ijlrfiW8g,20924,Maldon Sea Salt,true,1.4kg,12.5,JKGzpLFSRxCfAxNLKmy33A,true,,"05/02/2025, 9:36:14",LkDqWOiPRS-D6iEdWCD9IA,KXwwfh9bQm6lCx1.odFmNg,true,true,wuqj75edR0670x.mQmMz0A,,,,,,,
T-qKxnW9TBu9OpIO2fMl.w,62728,Burrata,true,12 x 125g,27.99,JKGzpLFSRxCfAxNLKmy33A,true,,"05/02/2025, 9:36:14",LkDqWOiPRS-D6iEdWCD9IA,KeSBWcyJS52APZUoamsBzA,true,true,wuqj75edR0670x.mQmMz0A,,,,,,,
DMd129x3RSS5bj5NgT-8DA,45724,Croissants,true,50 x 90g,24.2,JKGzpLFSRxCfAxNLKmy33A,true,,"05/02/2025, 9:36:14",LkDqWOiPRS-D6iEdWCD9IA,7iAZXuXoTRG-LX5vRMI35w,true,true,wuqj75edR0670x.mQmMz0A,,,,,,,
P01Xd8W8RRWKhekwQ969Pg,N/A,Jeeves & Jericho Red Berry Tea,true,1 x 100,21.5,w6AhNWWTQsiz3TYH.act5Q,true,,"05/02/2025, 9:36:14",LkDqWOiPRS-D6iEdWCD9IA,yV8JuKr8QO29okEyWICiRA,true,true,wuqj75edR0670x.mQmMz0A,,,,,,,
4vj8iv4xSwWtkw8NFGHZGg,6047,Apricot & Pistachio Frangipane (Sliced),true,1 x 16,27.25,AjTs2rKDRt2drnhqSUkbng,true,,"05/02/2025, 9:36:14",LkDqWOiPRS-D6iEdWCD9IA,KRqh2e8QSRSwypmzDsEcWQ,true,true,wuqj75edR0670x.mQmMz0A,,,,,,,
sF1et1RjSEeBtfGlG8M28A,50478,Golden Syrup,true,680g,2.15,JKGzpLFSRxCfAxNLKmy33A,true,,"05/02/2025, 9:36:14",LkDqWOiPRS-D6iEdWCD9IA,QIhuopWMQwmZ3qKJbvNoFg,true,true,wuqj75edR0670x.mQmMz0A,,,,,,,
EKoqGsZVQ.av2h4xTil7XA,3849,Chilli Flakes,true,300g,5.2,JKGzpLFSRxCfAxNLKmy33A,true,,"05/02/2025, 9:36:14",LkDqWOiPRS-D6iEdWCD9IA,UNC7LyMBQm-A.QNC1jvXEg,true,true,wuqj75edR0670x.mQmMz0A,,,,,,,
mjRfHBgnRDycUpB8LhOIFw,10174132023BT06,Mucchietto Primitivo IGT Puglia 2023,true,6 x 75cl,9.21,a.3hkq3OGSyWf66d3VFCiPg,true,,"05/02/2025, 9:36:14",LkDqWOiPRS-D6iEdWCD9IA,70lYNrl6SI-Li6Z6e3HxPw,true,true,wuqj75edR0670x.mQmMz0A,,,,,,,
wm0gQvWQTfWhiSeavU8zBg,8140,Dried Mixed Fruit,true,3kg,13.85,JKGzpLFSRxCfAxNLKmy33A,false,,"05/02/2025, 9:36:14",LkDqWOiPRS-D6iEdWCD9IA,6YCyNiNJRXmdDIsVhnwNzw,true,true,wuqj75edR0670x.mQmMz0A,true,Used in Loughborough for fruit loaf,,,,,
MQIOCEnOSoCAeE7ZoYCD5A,N/A,Jeeves & Jericho Decaf Tea,true,1 x 100,25,w6AhNWWTQsiz3TYH.act5Q,true,,"05/02/2025, 9:36:14",LkDqWOiPRS-D6iEdWCD9IA,oI-PoNGTTQmiTTZzTFpUMQ,true,true,wuqj75edR0670x.mQmMz0A,,,,,false,,
MntRZFs1TS6XCMlEpuSk6w,100082800NVBT06,Prosecco Cecilia Beretta NV,true,6 x 75cl,7.84,a.3hkq3OGSyWf66d3VFCiPg,true,,"05/02/2025, 9:36:14",LkDqWOiPRS-D6iEdWCD9IA,48BVj-7ySqiitdwNzjYPFg,true,true,wuqj75edR0670x.mQmMz0A,,,,,,,
Z0Hp85jgRg2kzZX3677MyA,33130,Peanut Butter,true,2.5kg,17.98,JKGzpLFSRxCfAxNLKmy33A,true,,"05/02/2025, 9:36:14",LkDqWOiPRS-D6iEdWCD9IA,lskDakqoTXOFZdgZMnXb5Q,true,true,wuqj75edR0670x.mQmMz0A,,,,,,,
H6SMh.yfS8SKrlUz4JbFrA,43785,Baking Powder,true,800g,3.34,JKGzpLFSRxCfAxNLKmy33A,true,,"05/02/2025, 9:36:14",LkDqWOiPRS-D6iEdWCD9IA,Xk-6.N5mRKW3lT9-RXPteA,true,true,wuqj75edR0670x.mQmMz0A,,,,,,,
lc4FDbf3Qze59O3TtP0udQ,73452,Marshmallows,true,4 x 500g,17,JKGzpLFSRxCfAxNLKmy33A,true,,"05/02/2025, 9:36:14",LkDqWOiPRS-D6iEdWCD9IA,G0Yqww40RnOru0ll38P0BQ,true,true,wuqj75edR0670x.mQmMz0A,,,,,,,
MravQeahTLyI1oFxBZn1wg,10006652023BT06,Il Barroccio Rosso DOC Nero d'Avola Sicilia 2023,true,6 x 75cl,6.46,a.3hkq3OGSyWf66d3VFCiPg,true,,"05/02/2025, 9:36:14",LkDqWOiPRS-D6iEdWCD9IA,qMbRbxSPSrGf-F6fYDHqbw,true,true,wuqj75edR0670x.mQmMz0A,,,,,false,,
lgDEr4J-S2alGMNm4XkHJw,10074692023BT06,Il Barroccio IGT Bianco Veneto 2022,true,6 x 75cl,6.24,a.3hkq3OGSyWf66d3VFCiPg,true,,"05/02/2025, 9:36:14",LkDqWOiPRS-D6iEdWCD9IA,NdOJa-2qR5mpEmBqf.dnrQ,true,true,wuqj75edR0670x.mQmMz0A,,,,,,,
6jDmzNqRQgC0KeOHq3VEPw,43484,Self-Raising Flour,true,16kg,12.29,JKGzpLFSRxCfAxNLKmy33A,true,,"05/02/2025, 9:36:14",LkDqWOiPRS-D6iEdWCD9IA,cUL7W00XRzaAPxi.wHwP3Q,true,true,wuqj75edR0670x.mQmMz0A,,,,,,,
MZ4s5me5REiQjXtvqxEm3Q,9945,Hellmans Mayo,true,5 Litre,26,JKGzpLFSRxCfAxNLKmy33A,true,,"05/02/2025, 9:36:14",LkDqWOiPRS-D6iEdWCD9IA,Bz1C3XAdSQSfiL5ocspyzA,true,true,wuqj75edR0670x.mQmMz0A,,,,,,,
390V.lS3RwK3wTRbn26hCQ,42567,Cracked Black Pepper,true,425g,6.25,JKGzpLFSRxCfAxNLKmy33A,true,,"05/02/2025, 9:36:14",LkDqWOiPRS-D6iEdWCD9IA,IedkMDfVSy24r6RaH9d6Iw,true,true,wuqj75edR0670x.mQmMz0A,,,,,,,
TN3Da20uRTOnvkZ02SDnKw,3272,Ice Cubes,true,6 x 2kg,5.5,JKGzpLFSRxCfAxNLKmy33A,true,,"05/02/2025, 9:36:14",LkDqWOiPRS-D6iEdWCD9IA,YWChyohvRLWeSRrYk6oC2Q,true,true,wuqj75edR0670x.mQmMz0A,,,,,,,
B1P05BW3QNSxfDDYMFbyng,33416,Vegan Sweet Potato Falafel,true,3 x 30 x 22g,19.45,JKGzpLFSRxCfAxNLKmy33A,false,,"05/02/2025, 9:36:14",LkDqWOiPRS-D6iEdWCD9IA,o5ZkCcDCQNaoTPCfwchAIg,true,true,wuqj75edR0670x.mQmMz0A,false,not used at Mountsorrel?,,,,,
PgTm-rfySV6ak2OilZ6-qg,15268,Strong White Bread Flour,true,16kg,15.99,JKGzpLFSRxCfAxNLKmy33A,true,,"05/02/2025, 9:36:14",LkDqWOiPRS-D6iEdWCD9IA,Xmj0UUPfRC6DahZbFjI-ZA,true,true,wuqj75edR0670x.mQmMz0A,,,,,,,
6aZUuEKBQHS.Klzo1Wc35w,6051,Sticky Maple Pecan Pie - Sliced,true,1 x 16,27.95,AjTs2rKDRt2drnhqSUkbng,true,,"05/02/2025, 9:36:14",LkDqWOiPRS-D6iEdWCD9IA,nvI.CVW6SmyE-PzPFbAQ2w,true,true,wuqj75edR0670x.mQmMz0A,,,,,,,
qb93QEGFS7aOlhgJotYlxQ,83254,Table Salt,true,6kg,6.77,JKGzpLFSRxCfAxNLKmy33A,true,,"05/02/2025, 9:36:14",LkDqWOiPRS-D6iEdWCD9IA,g4vuxCgzRu2T3dOrrOpGCQ,true,true,wuqj75edR0670x.mQmMz0A,,,,,,,
U368R1q8R3qXzNUSztkPPg,N/A,Jeeves & Jericho Mojito Mint Tea,true,1 x 100,21.5,w6AhNWWTQsiz3TYH.act5Q,true,,"05/02/2025, 9:36:14",LkDqWOiPRS-D6iEdWCD9IA,A0jSQeMRQYafLv8ZtIueZw,true,true,wuqj75edR0670x.mQmMz0A,,,,,,,
9hgNQIDQQjag-oGlTRTWaQ,15301,Extra Large Gherkins,true,2.1kg,5.43,JKGzpLFSRxCfAxNLKmy33A,false,,"05/02/2025, 9:36:14",LkDqWOiPRS-D6iEdWCD9IA,vfFeMkbvQ1WKnCMOJGRr.g,true,true,wuqj75edR0670x.mQmMz0A,true,No longer on menu,,,,,
RS2QO1OWTU-yr34QlBJsAg,64399,Heinz Tomato Soup,true,24 x 400g,40.8,JKGzpLFSRxCfAxNLKmy33A,false,,"05/02/2025, 9:36:14",LkDqWOiPRS-D6iEdWCD9IA,ocmzM2woSUybRyurYir3ew,true,true,wuqj75edR0670x.mQmMz0A,true,No longer on menu,,,,,
X80v3uVjSueS9.ynCg4GbQ,64651,Gluten Free Bread,true,1 x 6,29,JKGzpLFSRxCfAxNLKmy33A,true,,"05/02/2025, 9:36:14",LkDqWOiPRS-D6iEdWCD9IA,KsGLxPDkRyWwboI6Dkodog,true,true,wuqj75edR0670x.mQmMz0A,,,,,,,
NCFhETcFT9atVnoglJY-qg,56182,Chopped Garlic,true,1.2kg,7.69,JKGzpLFSRxCfAxNLKmy33A,true,,"05/02/2025, 9:36:14",LkDqWOiPRS-D6iEdWCD9IA,KRuoGeclQVmjJe5fG5HHpQ,true,true,wuqj75edR0670x.mQmMz0A,,,,,,,
ohUE0PUlQN67ElqBLo0TqQ,5058,Banana & Chocolate Loaf Pre-Sliced,true,1 x 14,19.65,AjTs2rKDRt2drnhqSUkbng,true,,"05/02/2025, 9:36:14",LkDqWOiPRS-D6iEdWCD9IA,Gxxr4WZzTQq4Xp8sY4v06A,true,true,wuqj75edR0670x.mQmMz0A,,,,,,,
quJUJOzeRE6dGGr9rjgq2w,40893,Vegan Raspberry Croissants,true,44 x 90g,27.05,JKGzpLFSRxCfAxNLKmy33A,true,,"05/02/2025, 9:36:14",LkDqWOiPRS-D6iEdWCD9IA,H.cPlqb8STWeDQz2qJrJcA,true,true,wuqj75edR0670x.mQmMz0A,,,,,,,
I7EGprj3QzCYYciUYkYLnw,87465,Cooked pork Cocktail Sausages ,true,1kg,6.25,JKGzpLFSRxCfAxNLKmy33A,false,,"05/02/2025, 9:36:14",LkDqWOiPRS-D6iEdWCD9IA,pRTqIXLnSlaJj7NETsCL6w,true,true,wuqj75edR0670x.mQmMz0A,false,,,,,,
rLSFX63wSxqb9BZDqLabwg,5397,Mini Marmalade Jars,true,72 x 28g,22.5,JKGzpLFSRxCfAxNLKmy33A,true,,"05/02/2025, 9:36:14",LkDqWOiPRS-D6iEdWCD9IA,TFr92e2OTdSzQQgxmTJaKg,true,true,wuqj75edR0670x.mQmMz0A,,,,,,,
ZQYtUwOzT5C1YMGaWciCeA,N/A,Jeeves & Jericho Camomile & Lavender Tea,true,1 x 100,21.5,w6AhNWWTQsiz3TYH.act5Q,true,,"05/02/2025, 9:36:14",LkDqWOiPRS-D6iEdWCD9IA,ov4EOlVBTGGzgBAqQhqClg,true,true,wuqj75edR0670x.mQmMz0A,,,,,false,,
MuTj4TP3RRC3lVxOFZpDPQ,65409,Frozen Raspberries,true,1kg,8.4,JKGzpLFSRxCfAxNLKmy33A,true,,"05/02/2025, 9:36:14",LkDqWOiPRS-D6iEdWCD9IA,mZBhKmhkRuCDOgzEOxfRlQ,true,true,wuqj75edR0670x.mQmMz0A,,,,,,,
QP3YTrHFRui-USs3lvLNyQ,69342,Blueberry Compote,true,1.25kg,17.5,JKGzpLFSRxCfAxNLKmy33A,true,,"05/02/2025, 9:36:14",LkDqWOiPRS-D6iEdWCD9IA,vn5k.AioRsOFxdpCeJmrPw,true,true,wuqj75edR0670x.mQmMz0A,,,,,,,
WSJ-rKNdR9KtuUn9fiqvLw,9630,Ground Almonds,true,1kg,8.99,JKGzpLFSRxCfAxNLKmy33A,true,,"05/02/2025, 9:36:14",LkDqWOiPRS-D6iEdWCD9IA,drbuyMy9RteJfoQKTzo3OA,true,true,wuqj75edR0670x.mQmMz0A,,,,,,,
FJ2c4ma1Rza8P-EO2gGXmw,N/A,Zuma Original Hot Chocolate Powder,true,1 x 2kg,16.99,w6AhNWWTQsiz3TYH.act5Q,true,,"05/02/2025, 9:36:14",LkDqWOiPRS-D6iEdWCD9IA,C3Y70kGPQBqGw0oIdqZyzA,true,true,wuqj75edR0670x.mQmMz0A,,,,,,,
tfIfSTaMRNm.NjVa3TJlUw,24720,Cocoa Powder,true,1kg,17.46,JKGzpLFSRxCfAxNLKmy33A,true,,"05/02/2025, 9:36:14",LkDqWOiPRS-D6iEdWCD9IA,a-BKzXQQ3Rcqj-dnDZ9ViMw,true,true,wuqj75edR0670x.mQmMz0A,,,,,,,
a-Hnb4HsWThm-vtStqGZfng,24464,Plain Flour,true,16kg,9.99,JKGzpLFSRxCfAxNLKmy33A,true,,"05/02/2025, 9:36:14",LkDqWOiPRS-D6iEdWCD9IA,j7iQR4EFSRel-r05ut0Jnw,true,true,wuqj75edR0670x.mQmMz0A,,,,,,,
QcpOsAuHT6iDdYY7dV4LQA,89345,Dark Chocolate Callets,true,5KG,75,JKGzpLFSRxCfAxNLKmy33A,true,,"05/02/2025, 9:36:14",LkDqWOiPRS-D6iEdWCD9IA,zWQPppjkQJmABk8HmiKuzg,true,true,wuqj75edR0670x.mQmMz0A,,,,,,,
a.ra8yDt2TMymM2fq8GVSMg,25444,White Chocolate Callets,true,5KG,78.5,JKGzpLFSRxCfAxNLKmy33A,true,,"05/02/2025, 9:36:14",LkDqWOiPRS-D6iEdWCD9IA,SOiDWoyfSPuPWi3gcD0TMw,true,true,wuqj75edR0670x.mQmMz0A,,,,,,,
lYQBg1PHR166vXGXgO3G3A,81885,Caster Sugar,true,25KG,34.5,JKGzpLFSRxCfAxNLKmy33A,true,,"05/02/2025, 9:36:14",LkDqWOiPRS-D6iEdWCD9IA,msUIXitmQwO5AsbOEuRESw,true,true,wuqj75edR0670x.mQmMz0A,,,"11/06/2025, 14:02:20",Yf4mVmvKQDqbClJDREe1rQ,,,
utIxBvEHR3-p-xeSkaDjpw,8024,Cinnamon Classic,true,1 x 8,13.55,AjTs2rKDRt2drnhqSUkbng,true,,"05/02/2025, 9:36:14",LkDqWOiPRS-D6iEdWCD9IA,khgP1NOZQa6lh3OXEgXFiA,true,true,wuqj75edR0670x.mQmMz0A,,,,,,,
fIRqVLaoRsKgr9lHN3PaHg,N/A,Jeeves & Jericho Earl Grey Tea,true,1 x 100,21.5,w6AhNWWTQsiz3TYH.act5Q,true,,"05/02/2025, 9:36:14",LkDqWOiPRS-D6iEdWCD9IA,rhUvX6ZXRveLkT1-iE6LZg,true,true,wuqj75edR0670x.mQmMz0A,,,"09/06/2025, 15:17:54",LkDqWOiPRS-D6iEdWCD9IA,false,,
jG8PV-OYSI2NRbELbL9XHQ,4596,Honey,true,680g,3.95,JKGzpLFSRxCfAxNLKmy33A,true,,"05/02/2025, 9:36:14",LkDqWOiPRS-D6iEdWCD9IA,96y2hVWkSd-0s69T11bxcQ,true,true,wuqj75edR0670x.mQmMz0A,,,,,,,
3PDRRmB7S.KafRpWGf9MiA,45246,Poppys Kitchen Condensed Milk,true,12 x 397g,17.99,JKGzpLFSRxCfAxNLKmy33A,true,,"05/02/2025, 9:42:16",LkDqWOiPRS-D6iEdWCD9IA,Hg9-9ulZRWaT0Oe8SABe4w,true,true,wuqj75edR0670x.mQmMz0A,,,,,,,
4yxvWjdCTFGFYXjQ25FX7A,22274,Lemonaid Ginger,true,12 x 330ml,13.5,IzNRYFFJT.Sje-ugJuIzyQ,true,,"05/02/2025, 9:42:16",LkDqWOiPRS-D6iEdWCD9IA,KL7o-4I5S5Obc1dlaf-XQA,true,true,wuqj75edR0670x.mQmMz0A,,,,,,,
9mCgEPZMQXuczKqyoQ3O0w,75745,La Espanola EV Olive Oil,true,5 ltr,39.8,JKGzpLFSRxCfAxNLKmy33A,true,,"05/02/2025, 9:42:16",LkDqWOiPRS-D6iEdWCD9IA,4NoNGNsGQbu.qBmSMzlvKw,true,true,wuqj75edR0670x.mQmMz0A,,,,,,,
mJOuYxSzRA-gfp97ChZe4A,19500,Pago Orange Juice,true,12 x 200ml,11.87,IzNRYFFJT.Sje-ugJuIzyQ,true,,"05/02/2025, 9:42:16",LkDqWOiPRS-D6iEdWCD9IA,v9oeQDxVSh22VnyvQl8XpA,true,true,wuqj75edR0670x.mQmMz0A,,,,,,,
RA-LN0YFSxaq382lVTGGTQ,19521,Pago Apple Juice,true,12 x 200ml,10.35,IzNRYFFJT.Sje-ugJuIzyQ,true,,"05/02/2025, 9:42:16",LkDqWOiPRS-D6iEdWCD9IA,sPv6qxIqQ3CJIDFeFt3zgQ,true,true,wuqj75edR0670x.mQmMz0A,,,,,,,
ZJEypCH0S76uwSOYD2Ie-A,10334,Diet Coke Icon Bottle,true,24 x 330ml,19.39,IzNRYFFJT.Sje-ugJuIzyQ,true,,"05/02/2025, 9:42:16",LkDqWOiPRS-D6iEdWCD9IA,EnvmjeK7Rl6DTaV5PEEohQ,true,true,wuqj75edR0670x.mQmMz0A,,,,,,,
IYSuNdHxR7iMndW4K8mgUg,SH017,SHOTT White Chocolate Syrup,true,1 Litre,8.05,4755CqDMSWW-mRo5VXhXIA,true,,"05/02/2025, 9:42:16",LkDqWOiPRS-D6iEdWCD9IA,hNQ3xu0xRKGcCXXRD6pEkA,true,true,wuqj75edR0670x.mQmMz0A,,,,,,,
9yd3BG8MTCuuEgpiRpyw5A,22746,Lemonaid Lime,true,12 x 330ml,13.5,IzNRYFFJT.Sje-ugJuIzyQ,true,,"05/02/2025, 9:42:16",LkDqWOiPRS-D6iEdWCD9IA,kbqtAXzkTHaUik3oPC5jCA,true,true,wuqj75edR0670x.mQmMz0A,,,,,,,
C4tJ5EOlQIyo1ccdGt7Yag,3175,Public Retail Coffee,true,8 x 200g,47.18,4755CqDMSWW-mRo5VXhXIA,true,,"05/02/2025, 9:42:16",LkDqWOiPRS-D6iEdWCD9IA,hpaWuL2BRfKjK2TGGPy9NQ,true,true,wuqj75edR0670x.mQmMz0A,,,,,,,
o-.eiBbhR0mp5TWLOtHb0A,2897,Sliced Ham,true,500g,5.25,JKGzpLFSRxCfAxNLKmy33A,true,,"05/02/2025, 9:42:16",LkDqWOiPRS-D6iEdWCD9IA,GQXj8vtqSMGtDYC0DFyrsA,true,true,wuqj75edR0670x.mQmMz0A,false,,"11/06/2025, 14:05:05",Yf4mVmvKQDqbClJDREe1rQ,,,
24y9cj6LQY6Dy4XCArOCww,67587,Garlic Mayo,true,1 ltr,3.56,JKGzpLFSRxCfAxNLKmy33A,true,,"05/02/2025, 9:42:16",LkDqWOiPRS-D6iEdWCD9IA,GesBtbGzSWG02rJuM9wfGg,true,true,wuqj75edR0670x.mQmMz0A,,,"11/06/2025, 14:05:13",Yf4mVmvKQDqbClJDREe1rQ,,,
Zotcz2CVTaiaH.C74iPdAg,N/A,Press Citrus Glow Super Smoothie,true,6 x 250ml,13.62,Bt1gPaZnQtKjmnsKW3YezA,true,,"05/02/2025, 9:42:16",LkDqWOiPRS-D6iEdWCD9IA,9Srqw.cpT0GjDz8sSOhFvg,true,true,wuqj75edR0670x.mQmMz0A,,,,,,,
WxZ-jNeYQBOElFsw2QFJ9w,23160,Hartley Strawberry jam,true,3.18kg,9.5,JKGzpLFSRxCfAxNLKmy33A,true,,"05/02/2025, 9:42:16",LkDqWOiPRS-D6iEdWCD9IA,fHCCnRBERJC1LGbG9z.sWQ,true,true,wuqj75edR0670x.mQmMz0A,,,,,,,
A-U1lKw6TYGUBhxfYDrGTw,32923,Goat Cheese Log,true,1kg,10.99,JKGzpLFSRxCfAxNLKmy33A,false,,"05/02/2025, 9:42:16",LkDqWOiPRS-D6iEdWCD9IA,cioKzmrmQTKVrjoiZhS8lg,true,true,wuqj75edR0670x.mQmMz0A,false,,"13/06/2025, 12:53:09",Yf4mVmvKQDqbClJDREe1rQ,,,
CqNcADkzTPGwoiqCBTmf4Q,82046,McVities Tasties Digestive Biscuits ,true,12 x 300g,11.99,JKGzpLFSRxCfAxNLKmy33A,true,,"05/02/2025, 9:42:16",LkDqWOiPRS-D6iEdWCD9IA,8jRZgtjLRJCOG-8XMaaKpw,true,true,wuqj75edR0670x.mQmMz0A,,,,,,,
gNDaTmw4TcelWfvWmf20pg,3095,Public Espresso Beans,true,8 x 1kg,104.47,4755CqDMSWW-mRo5VXhXIA,true,,"05/02/2025, 9:42:16",LkDqWOiPRS-D6iEdWCD9IA,w2of97PWRR-UOJ5Ke3UDeA,true,true,wuqj75edR0670x.mQmMz0A,,,,,,,
xePzZu47QEWPLA6MRmkDKw,19523,Pago Mango Juice,true,12 x 200ml,13.64,IzNRYFFJT.Sje-ugJuIzyQ,true,,"05/02/2025, 9:42:16",LkDqWOiPRS-D6iEdWCD9IA,Vgp4PKxfSq6ywUsBIyc5Dg,true,true,wuqj75edR0670x.mQmMz0A,,,,,,,
QN6wtdaITwGEtHE89YzqVg,5760,Middleton Crumble Mix,true,3.5kg,8.97,JKGzpLFSRxCfAxNLKmy33A,false,,"05/02/2025, 9:42:16",LkDqWOiPRS-D6iEdWCD9IA,0752G8LXTh-Jm9YZ.iVa0A,true,true,wuqj75edR0670x.mQmMz0A,false,,,,,,
yNKGB03DTV-JbLWqYIY8bw,2023,SHOTT Vanilla Syrup,true,1 Litre,8.05,4755CqDMSWW-mRo5VXhXIA,true,,"05/02/2025, 9:42:16",LkDqWOiPRS-D6iEdWCD9IA,ng3TI4JWTaOUDDOMMfydoQ,true,true,wuqj75edR0670x.mQmMz0A,,,,,,,
xE1y2.j1TMOceplM.HgF4w,AR250-12-02,Apple Raspberry Healthy Energy,true,12 x 250ml,14,4LkK8yfyT6qKO7IEDGKSpw,true,,"05/02/2025, 9:42:16",LkDqWOiPRS-D6iEdWCD9IA,ic8bDVOWT2qwTOstc0Gutw,true,true,wuqj75edR0670x.mQmMz0A,,,,,,,
1EVZtJVxSCGYY6l3N91zLw,78177,Cambray Lilliput Mini Capers in brine,true,2.1kg,16.04,JKGzpLFSRxCfAxNLKmy33A,true,,"05/02/2025, 9:42:16",LkDqWOiPRS-D6iEdWCD9IA,YggVEoh3SUmnFv7o14mFgQ,true,true,wuqj75edR0670x.mQmMz0A,,,,,,,
LmjYPh5GRwmIR2lL1xbUaA,201769,Pistachio Paste,true,1Kg,54.09,DF6QirpYT5eNXA0M1A8F5Q,true,,"05/02/2025, 9:42:16",LkDqWOiPRS-D6iEdWCD9IA,vxsrvEPyQKKpALGYDtZexg,true,true,wuqj75edR0670x.mQmMz0A,,,,,,,
IJPJEbiAS.26Kv8msy30tA,16566,Nestle Carnation Caramel,true,6 x 397g,17.7,JKGzpLFSRxCfAxNLKmy33A,true,,"05/02/2025, 9:42:16",LkDqWOiPRS-D6iEdWCD9IA,qzyGAT7IQdGqKlVxq3OGpQ,true,true,wuqj75edR0670x.mQmMz0A,,,,,,,
NBA5gthmSKmPOMOUY75Qdw,N/A,Frisby Lager,true,24 x 440ml,42,KP7otYsHRfC7WEuGpT8Ypw,true,,"05/02/2025, 9:42:16",LkDqWOiPRS-D6iEdWCD9IA,tPlp70xkRM6.MVvWWN15eQ,true,true,wuqj75edR0670x.mQmMz0A,,,,,,,
HGmFv1ixTRy1oxQ.YOsriA,34360,Emmental Slices,true,1kg,7.77,JKGzpLFSRxCfAxNLKmy33A,true,,"05/02/2025, 9:42:16",LkDqWOiPRS-D6iEdWCD9IA,GeqlwoFtQDy3pwluEcMrqw,true,true,wuqj75edR0670x.mQmMz0A,,,,,,,
ZBykbOvMTzGj2CwOzOje1A,80140,Gales Lemon Curd,true,3.18kg,10.99,JKGzpLFSRxCfAxNLKmy33A,true,,"05/02/2025, 9:42:16",LkDqWOiPRS-D6iEdWCD9IA,rg1c46t8QAq3X9rccRh6Iw,true,true,wuqj75edR0670x.mQmMz0A,,,,,,,
TAujlLa0TJeLkk7B4AVXEA,10380,Cocoa Cola Icon Bottle,true,24 x 330ml,21.36,IzNRYFFJT.Sje-ugJuIzyQ,true,,"05/02/2025, 9:42:16",LkDqWOiPRS-D6iEdWCD9IA,ivLAuZOSRAKM-0i0nlFRYQ,true,true,wuqj75edR0670x.mQmMz0A,,,,,,,
IePF0JDYQ6WMi3rF9haI5w,2025,SHOTT Chai (Vanilla Notes) Syrup,true,1 Litre,8.05,4755CqDMSWW-mRo5VXhXIA,true,,"05/02/2025, 9:42:16",LkDqWOiPRS-D6iEdWCD9IA,sdNzP6nqSe-KDissrR7mGw,true,true,wuqj75edR0670x.mQmMz0A,,,,,,,
FYyerj6JRN2QVoqAeTE9Ww,202500,CrÃ¨me PÃ¢tissiÃ¨re Delicecrem with Vanilla Seeds,true,5kg,32.19,DF6QirpYT5eNXA0M1A8F5Q,true,,"05/02/2025, 9:42:16",LkDqWOiPRS-D6iEdWCD9IA,h4CoxWTGSYCExXIeQ6DhBA,true,true,wuqj75edR0670x.mQmMz0A,,,,,,,
ZG7SBKtlRlOrBiTA1AzcXA,6095,Chef William Sage & Onion Stuffing Mix,true,3kg,6.99,JKGzpLFSRxCfAxNLKmy33A,false,,"05/02/2025, 9:42:16",LkDqWOiPRS-D6iEdWCD9IA,o8jY-XPlRlG.kjBBKHPmRw,true,true,wuqj75edR0670x.mQmMz0A,false,seasonal?,,,,,
gnhwdQqnSR-9HaEnJwQk3g,3096,Public Decaf Espresso Beans,true,8 x 1kg,141.68,4755CqDMSWW-mRo5VXhXIA,true,,"05/02/2025, 9:42:16",LkDqWOiPRS-D6iEdWCD9IA,FzS5OS37S.qxs-qFciE46Q,true,true,wuqj75edR0670x.mQmMz0A,,,,,,,
E..z6XpBRUWe203lbwR27A,15073,Mature Cheddar,true,5kg,32.5,JKGzpLFSRxCfAxNLKmy33A,true,,"05/02/2025, 9:42:16",LkDqWOiPRS-D6iEdWCD9IA,5IRf.7exSom5X00DztRQ3g,true,true,wuqj75edR0670x.mQmMz0A,,,"11/06/2025, 14:05:00",Yf4mVmvKQDqbClJDREe1rQ,,,
lLjDm-ubRiKWPW4tlu9oZw,N/A,Press Berry Bliss Super Smoothie,true,6 x 250ml,13.62,Bt1gPaZnQtKjmnsKW3YezA,true,,"05/02/2025, 9:42:16",LkDqWOiPRS-D6iEdWCD9IA,C3xiy95oQbGa0nJm2lDwFw,true,true,wuqj75edR0670x.mQmMz0A,,,,,,,
z.zFfTXtQ2a8UI6sZGlu8Q,JP250-12-02,Juicy Peach Healthy Energy,true,12 x 250ml,14,4LkK8yfyT6qKO7IEDGKSpw,true,,"05/02/2025, 9:42:16",LkDqWOiPRS-D6iEdWCD9IA,yelWC27vQRC3YaNrQt9nVw,true,true,wuqj75edR0670x.mQmMz0A,,,,,,,
AbTCqZGnRXGwNUC2XOHkjA,2020,SHOTT Hazelnut Syrup,true,1 Litre,8.05,4755CqDMSWW-mRo5VXhXIA,true,,"05/02/2025, 9:42:16",LkDqWOiPRS-D6iEdWCD9IA,hJ9B4yglSlKBWDho3ywpJw,true,true,wuqj75edR0670x.mQmMz0A,,,,,,,
5UknO4A.SASGJTOsR102.g,N/A,Press Wonder Greens Super Smoothie,true,6 x 250ml,13.62,Bt1gPaZnQtKjmnsKW3YezA,true,,"05/02/2025, 9:42:16",LkDqWOiPRS-D6iEdWCD9IA,P1ovK3G9TJCjJHxRkBiAUA,true,true,wuqj75edR0670x.mQmMz0A,,,,,,,
yc18sXsBSWKOMutRbFuZ5Q,22273,Lemonaid Passion Fruit,true,12 x 330ml,13.5,IzNRYFFJT.Sje-ugJuIzyQ,true,,"05/02/2025, 9:42:16",LkDqWOiPRS-D6iEdWCD9IA,30IMMXz6QFKsAM1j60uBGg,true,true,wuqj75edR0670x.mQmMz0A,,,,,,,
OwVFi8AhRu-lBnqzI8gT2Q,MP250-01-02,250g Matcha Powder,true,1 x 250g,37.5,4LkK8yfyT6qKO7IEDGKSpw,true,false,"05/02/2025, 9:42:16",LkDqWOiPRS-D6iEdWCD9IA,Ob1sZwX3S2uQsM76fndhgg,true,true,wuqj75edR0670x.mQmMz0A,,,,,,,
0ioBuh5ATHKsJ52dS.YGDQ,200929,Serenity Universal Improver,true,10kg,48.21,DF6QirpYT5eNXA0M1A8F5Q,true,,"05/02/2025, 9:42:16",LkDqWOiPRS-D6iEdWCD9IA,NEhqZLljTeGS09rClVA-zg,true,true,wuqj75edR0670x.mQmMz0A,,,,,,,
nj1RW9xuQ4iCR9ha2VgIVQ,N/A,Drovers Hazy Session IPA,true,24 x 440ml,45,KP7otYsHRfC7WEuGpT8Ypw,true,,"05/02/2025, 9:42:16",LkDqWOiPRS-D6iEdWCD9IA,1uwNRNqlTNKwgpx.hrZEnQ,true,true,wuqj75edR0670x.mQmMz0A,,,,,,,
9kv3qyGqQXSgdeUFckJGIA,115944,Granola,true,1kg,4.53,DF6QirpYT5eNXA0M1A8F5Q,true,,"05/02/2025, 9:42:16",LkDqWOiPRS-D6iEdWCD9IA,a.z97xYtGRU2j6Y1.uVv1Ng,true,true,wuqj75edR0670x.mQmMz0A,,,"13/06/2025, 13:01:13",Yf4mVmvKQDqbClJDREe1rQ,,,
a.SV7XoMJS6So1MS6DR36.g,PY250-12-02,Pineapple Zuzu Healthy Energy,true,12 x 250ml,14,4LkK8yfyT6qKO7IEDGKSpw,true,,"05/02/2025, 9:42:16",LkDqWOiPRS-D6iEdWCD9IA,h3UQf.k5RVOBwDorX2NpMw,true,true,wuqj75edR0670x.mQmMz0A,,,,,,,
vfFPyUrwQNGUpz9RpcUJng,16608,Maldon Smoked Sea Salt,true,500g,10.49,JKGzpLFSRxCfAxNLKmy33A,true,,"05/02/2025, 9:42:16",LkDqWOiPRS-D6iEdWCD9IA,Q8PwzniySAen2yE8TMQAOA,true,true,wuqj75edR0670x.mQmMz0A,,,,,,,
81JijzcFRn-No7HFgCc7zg,51247,Ermitage Brie Wheel,true,1kg,8.75,JKGzpLFSRxCfAxNLKmy33A,true,,"05/02/2025, 9:42:16",LkDqWOiPRS-D6iEdWCD9IA,9E3Xxo7YQY6Oap1gmYmdEw,true,true,wuqj75edR0670x.mQmMz0A,,,,,,,
WzIbEOkpQOW7aG.qhLxBTA,29118,Mango Chutney,true,2.8kg,6.99,JKGzpLFSRxCfAxNLKmy33A,false,,"05/02/2025, 9:42:16",LkDqWOiPRS-D6iEdWCD9IA,dAoDBPkhSTau-IVC7OeqcQ,true,true,wuqj75edR0670x.mQmMz0A,false,seasonal?,"13/06/2025, 12:48:28",Yf4mVmvKQDqbClJDREe1rQ,,,
vbxUgF0CR8m0JCIpbu-7pg,N/A,Sausage Meat,true,1kg,5.8,sZRVo5.eS5acf7GEVw6eCw,true,,"05/02/2025, 9:42:16",LkDqWOiPRS-D6iEdWCD9IA,zrzq274wRZqTnziASABuyw,true,true,wuqj75edR0670x.mQmMz0A,,,,,,,
TGHqNdIaSCiZsbLMe.zouw,43798,Robertsons Mincemeat,true,2.72kg,11.8,JKGzpLFSRxCfAxNLKmy33A,false,,"05/02/2025, 9:42:16",LkDqWOiPRS-D6iEdWCD9IA,HEr7YeEGTki9APLj.5QhzA,true,true,wuqj75edR0670x.mQmMz0A,false,,,,,,
AyJyZA5tQu-xiEPFfNSfpQ,2902,Sliced Turkey,true,500g ,7.5,JKGzpLFSRxCfAxNLKmy33A,true,,"05/02/2025, 9:42:16",LkDqWOiPRS-D6iEdWCD9IA,UuuvVGN5Sd-laFf99Uxk0Q,true,true,wuqj75edR0670x.mQmMz0A,false,seasonal?,"11/06/2025, 14:04:40",Yf4mVmvKQDqbClJDREe1rQ,,,
1GF6ds8FQISLObdmpGzgkw,2039,SHOTT Caramel Syrup,true,1 Litre,8.05,4755CqDMSWW-mRo5VXhXIA,true,,"05/02/2025, 9:42:16",LkDqWOiPRS-D6iEdWCD9IA,mClJoD69QnifvmDEFZR05A,true,true,wuqj75edR0670x.mQmMz0A,,,,,,,
MEiUl67.TZmLAx98zkpqmA,22275,Lemonaid Blood Orange,true,12 x 330ml,13.5,IzNRYFFJT.Sje-ugJuIzyQ,true,,"05/02/2025, 9:42:16",LkDqWOiPRS-D6iEdWCD9IA,ozMhjohiRiahV732akl1mw,true,true,wuqj75edR0670x.mQmMz0A,,,,,,,
D41wLjlsTiSy1JjfdfuRHQ,N/A,Pancetta,true,500g,12,sZRVo5.eS5acf7GEVw6eCw,true,,"05/02/2025, 9:42:16",LkDqWOiPRS-D6iEdWCD9IA,6gOZ65x3R7KhhMwxCtgSpA,true,true,wuqj75edR0670x.mQmMz0A,,,,,,,
aa6rdFvnTB-yjt-.ka9gEw,890,Mozzarella Block,true,2.3kg,13.25,L0QTd42GQ0GxQ4XjcnJImw,true,,"05/07/2025, 15:12:08",LkDqWOiPRS-D6iEdWCD9IA,8LazTO1SSXyV1JMEHobnYw,true,true,wuqj75edR0670x.mQmMz0A,,,,,,,
oiIloFIQTrWy4044CJdHdQ,5085,Fresh Yeast,true,500g,2.95,L0QTd42GQ0GxQ4XjcnJImw,true,,"05/07/2025, 15:12:08",LkDqWOiPRS-D6iEdWCD9IA,bgL9JZdDQhazMH2hMRozEA,true,true,wuqj75edR0670x.mQmMz0A,,,,,,,
RnWwpdTTQFq9aY-.dJX8Cg,29887,Puff Pastry,true,4.25kg,32.6,L0QTd42GQ0GxQ4XjcnJImw,true,,"05/07/2025, 15:12:08",LkDqWOiPRS-D6iEdWCD9IA,j0sTZwBGRp6fxckfI2w0OA,true,true,wuqj75edR0670x.mQmMz0A,,,,,,,
gR9E8Vr8T3CQyFAHJINJGQ,700,Double Cream,true,2 Litre,8.45,L0QTd42GQ0GxQ4XjcnJImw,true,,"05/07/2025, 15:12:08",LkDqWOiPRS-D6iEdWCD9IA,2pHO7-b4TH-u05jt7VJyEQ,true,true,wuqj75edR0670x.mQmMz0A,,,,,,,
r645DrWVRyahvHvabYrHgg,3682,Unsalted Butter,true,40 x 250g,82.5,L0QTd42GQ0GxQ4XjcnJImw,true,,"05/07/2025, 15:12:08",LkDqWOiPRS-D6iEdWCD9IA,Evtp36xMRTuUXHdjUwSUPQ,true,true,wuqj75edR0670x.mQmMz0A,,,,,,,
qxYEllI9S2umRqRS0zp.4g,713,Semi-Skimmed Milk,true,2 Litre,1.65,L0QTd42GQ0GxQ4XjcnJImw,true,,"05/07/2025, 15:12:08",LkDqWOiPRS-D6iEdWCD9IA,B90hfkvdToqHDybgyxtQOw,true,true,wuqj75edR0670x.mQmMz0A,,,,,,2,
elGI1If8QO-OXwe8uR0pRA,1446,Brover Cherries,true,2.75kg,27.95,L0QTd42GQ0GxQ4XjcnJImw,true,,"05/07/2025, 15:12:08",LkDqWOiPRS-D6iEdWCD9IA,OvcV-rUVTSuJPSlmL5-0Pg,true,true,wuqj75edR0670x.mQmMz0A,,,,,,,
vMFLFJfiQ4WMRvkte1snyQ,712,Whole Milk,true,2 Litre,1.65,L0QTd42GQ0GxQ4XjcnJImw,true,true,"05/07/2025, 15:12:08",LkDqWOiPRS-D6iEdWCD9IA,MTy9ZgOpSHiH8AS6qy92qA,true,true,wuqj75edR0670x.mQmMz0A,,,,,,12,
8EEod5I3SPaKpWnm37Fb3w,3895,Mascarpone,true,2kg,15.45,L0QTd42GQ0GxQ4XjcnJImw,true,,"05/07/2025, 15:12:08",LkDqWOiPRS-D6iEdWCD9IA,ZDdF8KlMT9idkbav1dlHtA,true,true,wuqj75edR0670x.mQmMz0A,,,,,,,
W7wz1pMXRGyVW3JTkUXcTw,3680,Salted Butter,true,40 x 250g,82.5,L0QTd42GQ0GxQ4XjcnJImw,true,,"05/07/2025, 15:12:08",LkDqWOiPRS-D6iEdWCD9IA,3bndFLj8QzGc3qNcXlzBRg,true,true,wuqj75edR0670x.mQmMz0A,,,,,,,
60qatt2ARX6Yfhm2JY9U7A,MMK0010,Momo Kombucha - Organic Ginger-Lemon Kombucha,true,12 x 330ml,25.8,8C34O7MZSM2sqBMmQhW7gA,true,,"08/05/2025, 14:06:30",Yf4mVmvKQDqbClJDREe1rQ,JkMNVP6JSVebH-IzAPGaFQ,,true,wuqj75edR0670x.mQmMz0A,,,,,,,
DPYDOcwdS-mXjO8dyRunEA,ALP0010,Alpro - Soya Barista for Professionals,,12 x 1L,22,8C34O7MZSM2sqBMmQhW7gA,true,,"08/05/2025, 14:06:30",Yf4mVmvKQDqbClJDREe1rQ,Jwg-2XAvRoanBtY9AlLf9A,,true,wuqj75edR0670x.mQmMz0A,,,,,,,
pXSH-tZoRGmPJcKdIKXchw,RHA0025,Rude Health - Coconut Barista Drink,true,6 x 1L,11.21,8C34O7MZSM2sqBMmQhW7gA,true,,"08/05/2025, 14:06:30",Yf4mVmvKQDqbClJDREe1rQ,alPPnq6hTdyvcaB4DgYJVw,,true,wuqj75edR0670x.mQmMz0A,,,,,,,
IjvClqnVTGKZhVD3QJhEew,OAT0080,Oatly - LARGE Barista Edition,,6 x 1.5L,13.5,8C34O7MZSM2sqBMmQhW7gA,true,,"08/05/2025, 14:06:30",Yf4mVmvKQDqbClJDREe1rQ,30.weg4RRnGGwizqPx.GXg,,true,wuqj75edR0670x.mQmMz0A,,,,,,,
6SEaRoOGS1eXUDPY1sxtBw,LWC0010,Life Water Can - Still,,24 x 330ml,11.15,8C34O7MZSM2sqBMmQhW7gA,true,,"08/05/2025, 14:06:30",Yf4mVmvKQDqbClJDREe1rQ,FB17vnBUSWaRsYFR0ix7ag,,true,wuqj75edR0670x.mQmMz0A,,,,,,,
raHWSpsiSTOz6YouvZBhYw,MMK0040,Momo Kombucha - Organic Raspberry-Hibiscus Kombucha,,12 x 330ml,25.8,8C34O7MZSM2sqBMmQhW7gA,true,,"08/05/2025, 14:06:30",Yf4mVmvKQDqbClJDREe1rQ,6g0bcxEPQv2ya9OQUquDug,,true,wuqj75edR0670x.mQmMz0A,,,,,,,
NUGEc3fBQhCOz18.MjpDVA,LWC0020,Life Water Can - Sparkling,,24 x 330ml,11.15,8C34O7MZSM2sqBMmQhW7gA,true,,"08/05/2025, 14:06:30",Yf4mVmvKQDqbClJDREe1rQ,XhHN-tNkRBOpadIMGaIV-Q,,true,wuqj75edR0670x.mQmMz0A,,,,,,,
DOVUZFjsSKmd6W1RItlgaw,MMK0020,Momo Kombucha - Organic Turmeric Kombucha,,12 x 330ml,25.8,8C34O7MZSM2sqBMmQhW7gA,true,,"08/05/2025, 14:06:30",Yf4mVmvKQDqbClJDREe1rQ,y82fcMGCR56DpZaz8KpL.Q,,true,wuqj75edR0670x.mQmMz0A,,,,,,,
JKPBwAqjSdKKmxBkVCxcMQ,MMK0030,Momo Kombucha - Organic Elderflower Kombucha,,12 x 330ml,25.8,8C34O7MZSM2sqBMmQhW7gA,true,,"08/05/2025, 14:06:30",Yf4mVmvKQDqbClJDREe1rQ,EODzr6JWSqeIiH8tZfJwQQ,,true,wuqj75edR0670x.mQmMz0A,,,,,,,
qu96AiHMTdWrib7aiwZ9zg,7538E,Blueberries,,125g,2.95,L0QTd42GQ0GxQ4XjcnJImw,true,true,"12/05/2025, 7:25:56",LkDqWOiPRS-D6iEdWCD9IA,a-4IrtecjQUemfi7dlbIBYA,,true,wuqj75edR0670x.mQmMz0A,,,"11/06/2025, 10:32:41",Yf4mVmvKQDqbClJDREe1rQ,,3,
oQqgODjiR6W3DwnrCsTmqQ,915,Feta,,900g,9.75,L0QTd42GQ0GxQ4XjcnJImw,true,,"12/05/2025, 7:25:56",LkDqWOiPRS-D6iEdWCD9IA,H55u9rtiRv61By8B7M703A,,true,wuqj75edR0670x.mQmMz0A,,,,,,,
y5WR6EwXTK6Zp3GxK9QMKQ,8560E,Raspberries,,125g,2.95,L0QTd42GQ0GxQ4XjcnJImw,true,true,"12/05/2025, 7:25:56",LkDqWOiPRS-D6iEdWCD9IA,lZVY8RA2TFyfrBnY90aOzg,,true,wuqj75edR0670x.mQmMz0A,,,"11/06/2025, 10:41:08",Yf4mVmvKQDqbClJDREe1rQ,,3,
j8MCnOiwRgCCq.tkeuE1vQ,2370,Strawberries,,400g,4.8,L0QTd42GQ0GxQ4XjcnJImw,true,true,"12/05/2025, 7:25:56",LkDqWOiPRS-D6iEdWCD9IA,KNeGA5n8RPGMb.sNbm-kag,,true,wuqj75edR0670x.mQmMz0A,,,,,,3,
LqtV9i4mQ1SP0zIqt8D1bQ,4901,Vegetarian Hard Cheese,,1kg,16.95,L0QTd42GQ0GxQ4XjcnJImw,true,,"12/05/2025, 7:25:56",LkDqWOiPRS-D6iEdWCD9IA,wmTOhVbBRhWbCrApAS4fxw,,true,wuqj75edR0670x.mQmMz0A,,,,,,,
461CIZBtR-CZ9aMUOLfZKQ,4489,Avocados,,1 x 18,19.95,L0QTd42GQ0GxQ4XjcnJImw,true,true,"12/05/2025, 7:25:56",LkDqWOiPRS-D6iEdWCD9IA,3zbRNff5QCC8PBa-RRDUFw,,true,wuqj75edR0670x.mQmMz0A,,,,,,2,
O-8bk62-QYGjCqeluz76yQ,242,Courgettes,,Each,0.8,L0QTd42GQ0GxQ4XjcnJImw,true,,"12/05/2025, 7:25:56",LkDqWOiPRS-D6iEdWCD9IA,dN2EocYMQzqs.8hWZNUacg,,true,wuqj75edR0670x.mQmMz0A,,,"18/06/2025, 13:59:57",Yf4mVmvKQDqbClJDREe1rQ,,,
WMMVRd2jSQW0OwIAKvca0Q,3354,Flat Mushrooms,,1.8kg,5.65,L0QTd42GQ0GxQ4XjcnJImw,true,,"12/05/2025, 7:25:56",LkDqWOiPRS-D6iEdWCD9IA,XoG4n0IKTwaQxs80i7BwZA,,true,wuqj75edR0670x.mQmMz0A,,,,,,,
Ez74B3e6Q921XzYsdhek5g,222,Yellow Peppers,,Each,1.1,L0QTd42GQ0GxQ4XjcnJImw,true,,"12/05/2025, 7:25:56",LkDqWOiPRS-D6iEdWCD9IA,0Z2gJZrNTGyrlbkjsYxigQ,,true,wuqj75edR0670x.mQmMz0A,,,"18/06/2025, 14:02:36",Yf4mVmvKQDqbClJDREe1rQ,,,
SLUOAPsSRwacdbSIrUgrQw,220,Green Peppers,,Each,0.9,L0QTd42GQ0GxQ4XjcnJImw,true,,"12/05/2025, 7:25:56",LkDqWOiPRS-D6iEdWCD9IA,MnwtE2CkTNmIZA3iLqYYTQ,,true,wuqj75edR0670x.mQmMz0A,,,"18/06/2025, 14:01:56",Yf4mVmvKQDqbClJDREe1rQ,,,
OCUyWW0pT4yOvywSaOAjXg,7007,Natural Yoghurt,,5 Litre,15.95,L0QTd42GQ0GxQ4XjcnJImw,true,,"12/05/2025, 7:25:56",LkDqWOiPRS-D6iEdWCD9IA,zMxkv510Sam9Matz3YpWxA,,true,wuqj75edR0670x.mQmMz0A,,,,,,,
4RjUoUk7TvmAkdGNbtCBRQ,5576,Bananas,,Each,0.23,L0QTd42GQ0GxQ4XjcnJImw,true,,"12/05/2025, 7:25:56",LkDqWOiPRS-D6iEdWCD9IA,jw9nobZ-Q9aRDAg8aHXTPw,,true,wuqj75edR0670x.mQmMz0A,,,,,,,
QXMSlR1UQMqRxPTxUIOYcQ,22307,Salami Milano,,500g,8.5,L0QTd42GQ0GxQ4XjcnJImw,true,,"12/05/2025, 7:25:56",LkDqWOiPRS-D6iEdWCD9IA,ghnmbDyEQDeg8PQhPS0YIg,,true,wuqj75edR0670x.mQmMz0A,,,,,,,
kQEntmPEQIORq2fwQgw9ug,514,Lemons,,Each,0.45,L0QTd42GQ0GxQ4XjcnJImw,true,,"12/05/2025, 7:25:56",LkDqWOiPRS-D6iEdWCD9IA,t0lokYGvTmiCeP8McEUwRg,,true,wuqj75edR0670x.mQmMz0A,,,,,,,
2pAy2tQGTgWA2IZaAe6STg,371,Portobello Mushrooms,,1.5kg,9.45,L0QTd42GQ0GxQ4XjcnJImw,true,,"12/05/2025, 7:25:56",LkDqWOiPRS-D6iEdWCD9IA,FswnM3nfQty3SGWs8lM1UA,,true,wuqj75edR0670x.mQmMz0A,,,,,,,
FLSGnKJMQVu.3wsKw39qVA,1417,Cranberry Sauce,,3kg,17.3,L0QTd42GQ0GxQ4XjcnJImw,true,,"12/05/2025, 7:25:56",LkDqWOiPRS-D6iEdWCD9IA,CvAxVVg.SoSlfz2Uq9b6KQ,,true,wuqj75edR0670x.mQmMz0A,,,,,,,
a.3h3yATBQ0GJ4jBE5UEhag,427,Beef Tomatoes,,1kg,3.85,L0QTd42GQ0GxQ4XjcnJImw,false,,"12/05/2025, 7:25:56",LkDqWOiPRS-D6iEdWCD9IA,moUHds4QSLSPFtJK5rQcxQ,,true,wuqj75edR0670x.mQmMz0A,,,,,,,
qfa0TM9kQEORBn6EiMfXPQ,1524,Lemon Juice,,1 Litre,4.5,L0QTd42GQ0GxQ4XjcnJImw,true,,"12/05/2025, 7:25:56",LkDqWOiPRS-D6iEdWCD9IA,RkzXgWqETn6dFN5a4NqHZQ,,true,wuqj75edR0670x.mQmMz0A,,,,,,,
PCsB5TohQvmLWJWMrNqF5Q,3421,Rocket,,2 x 500g,7.95,L0QTd42GQ0GxQ4XjcnJImw,true,,"12/05/2025, 7:25:56",LkDqWOiPRS-D6iEdWCD9IA,rYqjL-eATPCXVY7rQ6dBhQ,,true,wuqj75edR0670x.mQmMz0A,,,,,,,
a.RKJAlgwSsuZTi7nTo4Jtw,252K,Red Onions,,Each,0.35,L0QTd42GQ0GxQ4XjcnJImw,true,,"12/05/2025, 7:25:56",LkDqWOiPRS-D6iEdWCD9IA,ZrCLHYdmTVG6s7ejaSPgAw,,true,wuqj75edR0670x.mQmMz0A,,,"11/06/2025, 10:31:28",Yf4mVmvKQDqbClJDREe1rQ,,,
dqa0CZIfRamaH1t62WD44Q,11561,Pistachio Nibs,,1kg,29.6,L0QTd42GQ0GxQ4XjcnJImw,true,,"12/05/2025, 7:25:56",LkDqWOiPRS-D6iEdWCD9IA,KH9ydSaASceI9rkNm23Qng,,true,wuqj75edR0670x.mQmMz0A,,,,,,,
ClPlv.5mTfOKwlap8X3Rbw,3431,Cherry Tomatoes on the Vine,,5kg,15.95,L0QTd42GQ0GxQ4XjcnJImw,true,,"12/05/2025, 7:25:56",LkDqWOiPRS-D6iEdWCD9IA,oole1WGxQ2W360-qQN8H.A,,true,wuqj75edR0670x.mQmMz0A,,,,,,,
a-jqiFm7.SmOD00FQ1mseZA,1559,Pecan Halves,,1kg,17.95,L0QTd42GQ0GxQ4XjcnJImw,true,,"12/05/2025, 7:25:56",LkDqWOiPRS-D6iEdWCD9IA,oSYlaInHR8G8lPB9ZVDGfg,,true,wuqj75edR0670x.mQmMz0A,,,,,,,
UCjgtaH-QgS1wV7UIowPBA,221,Red Peppers,,Each,1.1,L0QTd42GQ0GxQ4XjcnJImw,true,,"12/05/2025, 7:25:56",LkDqWOiPRS-D6iEdWCD9IA,KKuLNv.cSxKY2qX74wmv8g,,true,wuqj75edR0670x.mQmMz0A,,,"18/06/2025, 14:02:26",Yf4mVmvKQDqbClJDREe1rQ,,,
KWtUusS9R4yJfijgksmX-g,238,Green Chilli,,1kg,10.5,L0QTd42GQ0GxQ4XjcnJImw,true,,"12/05/2025, 7:25:56",LkDqWOiPRS-D6iEdWCD9IA,GyoDeUE9SqON9eFPlMhgLQ,,true,wuqj75edR0670x.mQmMz0A,,,,,,,
Jme0FT7lSPS1mKgBBF0C4g,1603,Chilli Jam,,1.4kg,11.95,L0QTd42GQ0GxQ4XjcnJImw,true,,"12/05/2025, 7:25:56",LkDqWOiPRS-D6iEdWCD9IA,HrXxfmB0QPiGWnqeLHR4GQ,,true,wuqj75edR0670x.mQmMz0A,,,,,,,
a-5sw-ueBTdqdamBZKz8Y3Q,1984,Pastrami,,500g,8.95,L0QTd42GQ0GxQ4XjcnJImw,true,,"12/05/2025, 7:25:56",LkDqWOiPRS-D6iEdWCD9IA,a.bdV8vLoTuCX8LLg20n5Ew,,true,wuqj75edR0670x.mQmMz0A,,,,,,,
fldFuBMSSGKh4GU5ghdN0Q,11735,Sauerkraut,,680g,2.95,L0QTd42GQ0GxQ4XjcnJImw,true,,"12/05/2025, 7:25:56",LkDqWOiPRS-D6iEdWCD9IA,1QUf9JaaSjWH9ggIVmVnsA,,true,wuqj75edR0670x.mQmMz0A,,,,,,,
tTAlYuNeRMyp7hxvvnnrJg,607,Dill,,50g,0.95,L0QTd42GQ0GxQ4XjcnJImw,true,,"12/05/2025, 7:25:56",LkDqWOiPRS-D6iEdWCD9IA,ilj6QQisTV-N0yA8INiVAw,,true,wuqj75edR0670x.mQmMz0A,,,,,,,
XI9b9e5LSl655-foPGKy7g,601,Basil,,50g,1.2,L0QTd42GQ0GxQ4XjcnJImw,true,,"12/05/2025, 7:25:56",LkDqWOiPRS-D6iEdWCD9IA,RFc5ryQlQqibv72SW4GU3w,,true,wuqj75edR0670x.mQmMz0A,,,,,,,
FtAj2C1kQbKAfNWY.BZMYg,2162,Extra Virgin Olive Oil,,5 Litre,37.5,L0QTd42GQ0GxQ4XjcnJImw,true,,"12/05/2025, 7:25:56",LkDqWOiPRS-D6iEdWCD9IA,xMeXIJ3FRtKNqzGSqGRFWg,,true,wuqj75edR0670x.mQmMz0A,,,,,,,
IM5PwyPTTTaFzhHZjU37kQ,5006,Kerrymaid Cheese Slices,,112 slices,9.45,L0QTd42GQ0GxQ4XjcnJImw,true,,"12/05/2025, 7:25:56",LkDqWOiPRS-D6iEdWCD9IA,vnxmyt7KQwS9fQCDg9q-XA,,true,wuqj75edR0670x.mQmMz0A,,,,,,,
Y5eYJZb-RYmKlefInBgg5g,30786,Mustard Mayo,,400ml,3.35,L0QTd42GQ0GxQ4XjcnJImw,true,,"12/05/2025, 7:25:56",LkDqWOiPRS-D6iEdWCD9IA,dfbvw03PSMmCxr0BAdFyHQ,,true,wuqj75edR0670x.mQmMz0A,,,,,,,
0FqZgsoDQFyJ.4ceSivI5g,30713,Ground Pistachio Nuts,,1kg,32.5,L0QTd42GQ0GxQ4XjcnJImw,true,,"12/05/2025, 7:25:56",LkDqWOiPRS-D6iEdWCD9IA,1RaHdJM4SiGilVO.2c2YYw,,true,wuqj75edR0670x.mQmMz0A,,,,,,,
pcUYtNdJTMyC3brERfd5wA,1349,Marmite,,500g,7.45,L0QTd42GQ0GxQ4XjcnJImw,true,,"12/05/2025, 7:25:56",LkDqWOiPRS-D6iEdWCD9IA,cenl7UFdTRubKY6bJPCo8w,,true,wuqj75edR0670x.mQmMz0A,,,,,,,
E5w5ZW-qSO-zLQtrcGcTLw,1766,Garlic Puree,,1kg,7.95,L0QTd42GQ0GxQ4XjcnJImw,true,,"12/05/2025, 7:25:56",LkDqWOiPRS-D6iEdWCD9IA,a-cy898wVQ26zBQ1OOukrDg,,true,wuqj75edR0670x.mQmMz0A,,,,,,,
azHMCWx9SgOAuboIHG1jog,11412,Sriracha Sauce,,1 ltr,5.74,L0QTd42GQ0GxQ4XjcnJImw,true,,"12/05/2025, 7:25:56",LkDqWOiPRS-D6iEdWCD9IA,S9cO7IkOSX6WAxdYjfsVjg,,true,wuqj75edR0670x.mQmMz0A,,,,,,,
fLyLivxIQXmY1iEO.NO3eQ,1583,Sunflower Oil,,5 Litre,10.95,L0QTd42GQ0GxQ4XjcnJImw,true,,"12/05/2025, 7:25:56",LkDqWOiPRS-D6iEdWCD9IA,mX8e-jiATG6TRUckqx9maQ,,true,wuqj75edR0670x.mQmMz0A,,,,,,,
denESb31SR-dPxMlWHoKOg,5467,Desiccated Coconut,,1kg,4.75,L0QTd42GQ0GxQ4XjcnJImw,true,,"12/05/2025, 7:25:56",LkDqWOiPRS-D6iEdWCD9IA,UEElfGIoR8ihcQgeWaryBA,,true,wuqj75edR0670x.mQmMz0A,,,,,,,
ieuUc4UWTyCPbrkpOF.5VA,7770,Boiron Mango Puree,,1 ltr,9.95,L0QTd42GQ0GxQ4XjcnJImw,true,,"12/05/2025, 7:25:56",LkDqWOiPRS-D6iEdWCD9IA,ttlZKwtPSPmOyapZa4MH2w,,true,wuqj75edR0670x.mQmMz0A,,,,,,,
F7aLYmeKSG2Mc0Hlkug8PA,11982,Mortadella,,500g,8.95,L0QTd42GQ0GxQ4XjcnJImw,true,,"12/05/2025, 7:25:56",LkDqWOiPRS-D6iEdWCD9IA,ao-DEFrFTQqFUz-vje9Qsg,,true,wuqj75edR0670x.mQmMz0A,,,,,,,
u5XDpw.0QWiZPEn-6uRJDw,30173,Coconut Flakes,,1kg,9.95,L0QTd42GQ0GxQ4XjcnJImw,true,,"12/05/2025, 7:25:56",LkDqWOiPRS-D6iEdWCD9IA,6Io9AQmLRk-vx03BkH745A,,true,wuqj75edR0670x.mQmMz0A,,,,,,,
EgM8K1rXRtqqFYxfZZJ3PQ,2916,Garlic Oil,,250ml,9.95,L0QTd42GQ0GxQ4XjcnJImw,true,,"12/05/2025, 7:25:56",LkDqWOiPRS-D6iEdWCD9IA,a4oFPYlwRhuP8jXAO6fz8g,,true,wuqj75edR0670x.mQmMz0A,,,,,,,
Epfna4ZPS.ia9jkAcehhcw,29252,Wholemeal Bread Flour,,16kg,13.95,L0QTd42GQ0GxQ4XjcnJImw,true,,"12/05/2025, 7:25:56",LkDqWOiPRS-D6iEdWCD9IA,ctTJarWmSCCYUyBgh5ap4g,,true,wuqj75edR0670x.mQmMz0A,,,,,,,
c-dOm8INR6Kct15APudcdg,1986,Proscuitto,,500g,9.95,L0QTd42GQ0GxQ4XjcnJImw,true,,"12/05/2025, 7:25:56",LkDqWOiPRS-D6iEdWCD9IA,KnQWj7G8QqGeoj.URGi6cA,,true,wuqj75edR0670x.mQmMz0A,,,,,,,
Sx2YIC2bQs6nDLpL6foITA,429,Salad Tomatoes,,1kg,3.75,L0QTd42GQ0GxQ4XjcnJImw,true,,"12/05/2025, 7:25:56",LkDqWOiPRS-D6iEdWCD9IA,MqXfCdwBQLmBaPNwO636JQ,,true,wuqj75edR0670x.mQmMz0A,,,,,,,
yT464gcARg2NtKrxksm.6Q,7898,Vegetarian Buffalo Mozzarella,,125g each,1.85,L0QTd42GQ0GxQ4XjcnJImw,true,,"12/05/2025, 7:25:56",LkDqWOiPRS-D6iEdWCD9IA,a.hTVgxZ1R1eqUX8EUk4Q3g,,true,wuqj75edR0670x.mQmMz0A,,,,,,,
2bWuSSjSSC-1HZpURN7X9A,777518,Fresh Mangoes,,9 in a box,19.95,L0QTd42GQ0GxQ4XjcnJImw,true,,"12/05/2025, 7:25:56",LkDqWOiPRS-D6iEdWCD9IA,vdQ.3wntRn-6e4LaOFwKNA,,true,wuqj75edR0670x.mQmMz0A,,,,,,,
a.L4Oa8ppR.2aS8KWNvjT7g,77020,Alpro Almond Milk,,1 ltr,1.85,L0QTd42GQ0GxQ4XjcnJImw,true,,"12/05/2025, 7:25:56",LkDqWOiPRS-D6iEdWCD9IA,djTJsxL8SeOD4h1YpfQvQQ,,true,wuqj75edR0670x.mQmMz0A,,,,,,,
icFaW1D0Qv-uoQQJGy5sAQ,3407,Iceberg Lettuce,,each,1.2,L0QTd42GQ0GxQ4XjcnJImw,true,,"12/05/2025, 7:25:56",LkDqWOiPRS-D6iEdWCD9IA,3IArCUSwSquTBzFvA08skw,,true,wuqj75edR0670x.mQmMz0A,,,,,,,
a.7Q7NhcBT1e444AoLMFQGg,604,Chives,,50g,0.95,L0QTd42GQ0GxQ4XjcnJImw,true,,"12/05/2025, 7:25:56",LkDqWOiPRS-D6iEdWCD9IA,UwnybvDFRMmC4tCmpglP4Q,,true,wuqj75edR0670x.mQmMz0A,,,,,,,
O9ZBZ-NWQQubhMM-Hp5.Gg,809,Red Leicester Cheese,,5kg,7.2,L0QTd42GQ0GxQ4XjcnJImw,true,,"12/05/2025, 7:25:56",LkDqWOiPRS-D6iEdWCD9IA,Uad7xLXjQaSwfFh1pC8NLA,,true,wuqj75edR0670x.mQmMz0A,,,,,,,
ZK-4wKPeTJKSZ6UrSuE3lA,29988,Chia Seeds,,1kg,8.75,L0QTd42GQ0GxQ4XjcnJImw,true,,"12/05/2025, 7:25:56",LkDqWOiPRS-D6iEdWCD9IA,22jNA045QxyDNkYHyBSiUQ,,true,wuqj75edR0670x.mQmMz0A,,,,,,,
MLiaUMLPT2mYN87AZzFI2Q,7038,Almond Vegan Yoghurt,,500g,1.95,L0QTd42GQ0GxQ4XjcnJImw,true,,"12/05/2025, 7:25:56",LkDqWOiPRS-D6iEdWCD9IA,8lTC7m28THW7f7gFQNYsng,,true,wuqj75edR0670x.mQmMz0A,,,,,,,
p8v4OGAoTJ2oRlf6PQGS.A,229061,Rolled Oats,,25kg,21,L0QTd42GQ0GxQ4XjcnJImw,true,,"12/05/2025, 7:25:56",LkDqWOiPRS-D6iEdWCD9IA,DwJ.Whv1QYmJ.oqjny3IWA,,true,wuqj75edR0670x.mQmMz0A,,,,,,,
a.HsWO0FuRjuhxUP8LwRhTg,3484,Gala Apples,,12kg,23.95,L0QTd42GQ0GxQ4XjcnJImw,true,,"12/05/2025, 7:25:56",LkDqWOiPRS-D6iEdWCD9IA,hP.O6S5nR4GUrCt4KA4KdA,,true,wuqj75edR0670x.mQmMz0A,,,,,,,
W80q41a2QN-BcmCRjvsb.w,28028,Prepped Pomegranate,,1kg,25,L0QTd42GQ0GxQ4XjcnJImw,true,,"12/05/2025, 7:25:56",LkDqWOiPRS-D6iEdWCD9IA,U7yeZpMVTSa8QJh40PLYYg,,true,wuqj75edR0670x.mQmMz0A,,,"09/06/2025, 8:40:27",LkDqWOiPRS-D6iEdWCD9IA,,,ORDER BEFORE 11AM FOR NEXT DAY
MGq2fCRVRvS9Kq9b5rPisw,222308,Sliced Chorizo,,500g (80 slices),6.95,L0QTd42GQ0GxQ4XjcnJImw,true,,"12/05/2025, 7:25:56",LkDqWOiPRS-D6iEdWCD9IA,0tecIeRaS22pWQZvtLmBKA,,true,wuqj75edR0670x.mQmMz0A,,,,,,,
k7UuvCvZRVq2CVpMbhUQjw,4420,Mixed Salad Leaves,,125g,1.25,L0QTd42GQ0GxQ4XjcnJImw,true,,"12/05/2025, 7:25:56",LkDqWOiPRS-D6iEdWCD9IA,FC3BoqjORKKjFScx0BO.Mg,,true,wuqj75edR0670x.mQmMz0A,,,,,,,
aIFGuhqgRtuhTNhamjchSw,1546,Flaked Almonds,,1kg,8.95,L0QTd42GQ0GxQ4XjcnJImw,true,,"12/05/2025, 7:25:56",LkDqWOiPRS-D6iEdWCD9IA,la6n7HxRQcKHQYtQY6x1qQ,,true,wuqj75edR0670x.mQmMz0A,,,,,,,
V7bM6FWgTuaJ9KqYuMyWZg,30234,RTE Puy Lentils,,250g,2.05,L0QTd42GQ0GxQ4XjcnJImw,true,,"12/05/2025, 7:25:56",LkDqWOiPRS-D6iEdWCD9IA,KTQAhF5dQ-qHgbBQuWTtSw,,true,wuqj75edR0670x.mQmMz0A,,,,,,,
t8iOMCz7RY-.sZAkkmKVLQ,29279,RTE Red & White Quinoa,,600g,4.4,L0QTd42GQ0GxQ4XjcnJImw,true,,"12/05/2025, 7:25:56",LkDqWOiPRS-D6iEdWCD9IA,0U9srC9RRAGhdZhRmWY1Mg,,true,wuqj75edR0670x.mQmMz0A,,,,,,,
7zP13Hl9RMiJ1zlnw2TcMA,11560,Pine Nuts,,1kg,42,L0QTd42GQ0GxQ4XjcnJImw,true,,"12/05/2025, 7:25:56",LkDqWOiPRS-D6iEdWCD9IA,EqJsnJrvTp6V39pWnOIsZw,,true,wuqj75edR0670x.mQmMz0A,,,,,,,
OHc4ahakQi6V1dVVGMrBcg,1482,Cous Cous,,1kg,2.7,L0QTd42GQ0GxQ4XjcnJImw,true,,"12/05/2025, 7:25:56",LkDqWOiPRS-D6iEdWCD9IA,S0OFkBqwRVCEsrcLVDuFVg,,true,wuqj75edR0670x.mQmMz0A,,,,,,,
V0bZxR8.R8WQlxkLPkf3RA,11699,Pumpkin Seeds,,1kg,6.75,L0QTd42GQ0GxQ4XjcnJImw,true,,"12/05/2025, 7:25:56",LkDqWOiPRS-D6iEdWCD9IA,Qktm2EJ2QtWBMJjpNHeS1w,,true,wuqj75edR0670x.mQmMz0A,,,,,,,
D74OMhG.Q5GC4YaKJNuvJw,1499,French Dressing,,2.15 ltr,6.65,L0QTd42GQ0GxQ4XjcnJImw,true,,"12/05/2025, 7:25:56",LkDqWOiPRS-D6iEdWCD9IA,a.wdrp5xtRQCiRyJFZD7GcA,,true,wuqj75edR0670x.mQmMz0A,,,,,,,
8TELicm7T.yB5KXTqexeFA,77774,Boiron Strawberry Puree,,1 ltr,10.3,L0QTd42GQ0GxQ4XjcnJImw,true,,"12/05/2025, 7:25:56",LkDqWOiPRS-D6iEdWCD9IA,bQdcCIqCRnSrC8QES12D8w,,true,wuqj75edR0670x.mQmMz0A,,,,,,,
idErK9I6R3CmGvbCkeJvUg,330005,Vegan Mayonnaise,,2.5 ltr,9.95,L0QTd42GQ0GxQ4XjcnJImw,true,,"12/05/2025, 7:25:56",LkDqWOiPRS-D6iEdWCD9IA,2J8STxEwQRu7jVTnQ.K9lQ,,true,wuqj75edR0670x.mQmMz0A,,,,,,,
kqioekJ8R9a5MLGQMimfBQ,2151,Balsamic Glaze,,500ml,4.4,L0QTd42GQ0GxQ4XjcnJImw,true,,"12/05/2025, 7:25:56",LkDqWOiPRS-D6iEdWCD9IA,sY67odqsRSKE4b3XfhW1TA,,true,wuqj75edR0670x.mQmMz0A,,,,,,,
t5lA8m7iRHCRVW4dJMBFTQ,2020,Sunblush Tomatoes,,1kg,11.25,L0QTd42GQ0GxQ4XjcnJImw,true,,"12/05/2025, 7:25:56",LkDqWOiPRS-D6iEdWCD9IA,ZPNQWxXHSjOdx14oTzX8OQ,,true,wuqj75edR0670x.mQmMz0A,,,,,,,
JTjxN8KOQAGoSuM4Pe-28A,408,Round Lettuce,,Each,0.91,L0QTd42GQ0GxQ4XjcnJImw,true,,"12/05/2025, 7:25:56",LkDqWOiPRS-D6iEdWCD9IA,Y-8-LrPARAm5EzMV9FwsCQ,,true,wuqj75edR0670x.mQmMz0A,,,,,false,,
j8hq-kt1Q4SwdSHeKXeOeQ,N/A,Double Choc,,1 x 8,14.95,vN5I7OHRT5mTt9oTmVzqvw,true,,"12/05/2025, 9:04:15",LkDqWOiPRS-D6iEdWCD9IA,HQWVcFzARsWMVwgo5xMKHw,,true,wuqj75edR0670x.mQmMz0A,,,,,,,
F9PnNBX3RFO3VUzcEK8ufg,N/A,Cookie Dough Stuffed,,1 x 8,14.95,vN5I7OHRT5mTt9oTmVzqvw,true,,"12/05/2025, 9:04:15",LkDqWOiPRS-D6iEdWCD9IA,mPMaH627QAa4mtoBNg04Iw,,true,wuqj75edR0670x.mQmMz0A,,,,,,,
NSPB9GI8SbK326zVJzWRSQ,N/A,Jammie Dodger,,1 x 8,14.95,vN5I7OHRT5mTt9oTmVzqvw,true,,"12/05/2025, 9:04:15",LkDqWOiPRS-D6iEdWCD9IA,23Cm7nEhTZSoAlnrhGhEZA,,true,wuqj75edR0670x.mQmMz0A,,,,,,,
lA.nWYb8Q4KAXOZR6BtS6g,N/A,Oreo,,1 x 8,14.95,vN5I7OHRT5mTt9oTmVzqvw,true,,"12/05/2025, 9:04:15",LkDqWOiPRS-D6iEdWCD9IA,cGx7l9HBQrCTJJ8GYkGFlQ,,true,wuqj75edR0670x.mQmMz0A,,,,,,,
9ij-XUkVR8apqklsO.zFzQ,N/A,Salted Caramel,,1 x 8,14.95,vN5I7OHRT5mTt9oTmVzqvw,true,,"12/05/2025, 9:04:15",LkDqWOiPRS-D6iEdWCD9IA,pdZJYPb1QJOA1CGSGyuxeg,,true,wuqj75edR0670x.mQmMz0A,,,,,,,
9tTOdqtKTDmG7MbaFP6uXQ,N/A,Choc Chunk,,1 x 8,14.95,vN5I7OHRT5mTt9oTmVzqvw,true,,"12/05/2025, 9:04:15",LkDqWOiPRS-D6iEdWCD9IA,KQ8uoSuRTVasBPI3dftSQA,,true,wuqj75edR0670x.mQmMz0A,,,,,,,
Rbn3Pe2KSySryac8jTQkCA,N/A,Raspberry White Choc,,1 x 8,14.95,vN5I7OHRT5mTt9oTmVzqvw,true,,"12/05/2025, 9:04:15",LkDqWOiPRS-D6iEdWCD9IA,5txRLOdPTaaNlVfCB-opDw,,true,wuqj75edR0670x.mQmMz0A,,,,,,,
nrHR-WwdQnO9rGcK1S2mLw,N/A,Raspberry Dark Choc,,1 x 8,14.95,vN5I7OHRT5mTt9oTmVzqvw,true,,"12/05/2025, 9:04:15",LkDqWOiPRS-D6iEdWCD9IA,zVU22mSGQNa64lH8TI96pA,,true,wuqj75edR0670x.mQmMz0A,,,,,,,
tz3VEvdDSoy516U2.K-fAg,N/A,Biscoff,,1 x 8,14.95,vN5I7OHRT5mTt9oTmVzqvw,true,,"12/05/2025, 9:04:15",LkDqWOiPRS-D6iEdWCD9IA,y9tfOogDQiGaXBRPfIFIlw,,true,wuqj75edR0670x.mQmMz0A,,,,,,,
BzzpXTfoSyeCbFIX8bRSrQ,N/A,Oreo & Notella (NUTS),,1 x 8,14.95,vN5I7OHRT5mTt9oTmVzqvw,true,,"12/05/2025, 9:04:15",LkDqWOiPRS-D6iEdWCD9IA,PXLAtgCPR8mKB0MQRrSPlQ,,true,wuqj75edR0670x.mQmMz0A,,,,,,,
NF9.8WwKTmyH-2RdZORgEA,N/A,Rocky Road,,1 x 8,14.95,vN5I7OHRT5mTt9oTmVzqvw,true,,"12/05/2025, 9:04:15",LkDqWOiPRS-D6iEdWCD9IA,p3.Qy.sPRUuMBB9HIew7MQ,,true,wuqj75edR0670x.mQmMz0A,,,,,,,
0ObQoixwRymR1D3Oo1oKmA,N/A,S'mores,,1 x 8,14.95,vN5I7OHRT5mTt9oTmVzqvw,true,,"12/05/2025, 9:04:15",LkDqWOiPRS-D6iEdWCD9IA,hldkAxuPRzeauZHRSXw7hg,,true,wuqj75edR0670x.mQmMz0A,,,,,,,
VmHPGCnkTWSZw9kymur.Lw,N/A,Peanut Butter (NUTS),,1 x 8,14.95,vN5I7OHRT5mTt9oTmVzqvw,true,,"12/05/2025, 9:04:15",LkDqWOiPRS-D6iEdWCD9IA,pTo3HhnCSUW3jGEoUp0SOA,,true,wuqj75edR0670x.mQmMz0A,,,,,,,
nvdcohYKRkS43.1DwO851A,N/A,Snickers (NUTS),,1 x 8,14.95,vN5I7OHRT5mTt9oTmVzqvw,true,,"12/05/2025, 9:04:15",LkDqWOiPRS-D6iEdWCD9IA,THigORtCS.agdUWSPLXaIA,,true,wuqj75edR0670x.mQmMz0A,,,,,,,
c0imzc.iTlO6c3EB86PXlg,N/A,Notellaâ€™ (NUTS),,1 x 8,14.95,vN5I7OHRT5mTt9oTmVzqvw,true,,"12/05/2025, 9:04:15",LkDqWOiPRS-D6iEdWCD9IA,09jeyUQsQAOjCsq6QTjoog,,true,wuqj75edR0670x.mQmMz0A,,,,,,,
IFLiGk9xSJuUcqOmn2qZVg,N/A,Choc Sea Salt,,1 x 8,14.95,vN5I7OHRT5mTt9oTmVzqvw,true,,"12/05/2025, 9:04:15",LkDqWOiPRS-D6iEdWCD9IA,eDAouzXjSEWkSUoJOQW4nA,,true,wuqj75edR0670x.mQmMz0A,,,,,,,
ZcB3GFumTeGHhyxyINQ4kg,N/A,Brookie,,1 x 8,14.95,vN5I7OHRT5mTt9oTmVzqvw,true,,"12/05/2025, 9:04:15",LkDqWOiPRS-D6iEdWCD9IA,NLtSodwgTviOjEfUYHj.dQ,,true,wuqj75edR0670x.mQmMz0A,,,,,,,
a-L0DGdUBQWW9RhZFA4aAUA,N/A,Banoffee,,1 x 8,14.95,vN5I7OHRT5mTt9oTmVzqvw,true,,"12/05/2025, 9:04:15",LkDqWOiPRS-D6iEdWCD9IA,7BVk.b7NQVCnwquolhgdFA,,true,wuqj75edR0670x.mQmMz0A,,,,,,,
a-nM1i9yvTgOJkUxoUWZF9w,13135,Mango Pieces (Frozen),,1kg,5.3,L0QTd42GQ0GxQ4XjcnJImw,true,,"12/05/2025, 14:32:00",Yf4mVmvKQDqbClJDREe1rQ,,,true,wuqj75edR0670x.mQmMz0A,,,,,,,
xl2PtQpQSTKGW-IFVjzMhg,STCNB/FZ,Frozen Sausage Pattie,,24 Pack,17.22,cOmqAMQhS4W9SwblAgB3PA,true,,"12/05/2025, 14:33:10",Yf4mVmvKQDqbClJDREe1rQ,,,true,wuqj75edR0670x.mQmMz0A,,,,,,,
CThOYfjOQwyPHRkVdo-l4A,N/A,Carmelo's Blood Orange Kombucha,,12 x 330ml,28.8,XhhiGGFWSNmXkPUWC6lvrQ,true,,"23/05/2025, 13:38:12",Yf4mVmvKQDqbClJDREe1rQ,,,true,wuqj75edR0670x.mQmMz0A,,,,,,,
RQ.rpdjpR-arhhKy5KifJQ,55084,Free Range Eggs,,5 Dozen,15.99,JKGzpLFSRxCfAxNLKmy33A,true,,"28/05/2025, 12:11:23",Yf4mVmvKQDqbClJDREe1rQ,,,,wuqj75edR0670x.mQmMz0A,,,,,,,
LF36RZ3PTxucHMyjTPPCNA,5794,Smoked Salmon,,1 KG,29.95,L0QTd42GQ0GxQ4XjcnJImw,true,,"28/05/2025, 12:12:23",Yf4mVmvKQDqbClJDREe1rQ,,,,wuqj75edR0670x.mQmMz0A,,,,,,,
wcCxaIRMR4OT3Mb1Z.s-hQ,19897,Lychee Syrup,,1 LITRE,8.17,IzNRYFFJT.Sje-ugJuIzyQ,,,"10/06/2025, 14:30:52",Yf4mVmvKQDqbClJDREe1rQ,,,,wuqj75edR0670x.mQmMz0A,,,"10/06/2025, 14:57:18",Yf4mVmvKQDqbClJDREe1rQ,,,
4sC1aNf0T5esAOZE21WFYw,23647,Passion Fruit Juice,,12 x 1 LITRE,14.79,IzNRYFFJT.Sje-ugJuIzyQ,,,"10/06/2025, 14:32:41",Yf4mVmvKQDqbClJDREe1rQ,,,,wuqj75edR0670x.mQmMz0A,,,"10/06/2025, 14:32:47",Yf4mVmvKQDqbClJDREe1rQ,,,
McXJurzkR0i-d6Y0fx6RPQ,19101,Peach Syrup,,1 LITRE,8.41,IzNRYFFJT.Sje-ugJuIzyQ,,,"10/06/2025, 14:33:28",Yf4mVmvKQDqbClJDREe1rQ,,,,wuqj75edR0670x.mQmMz0A,,,"10/06/2025, 14:33:36",Yf4mVmvKQDqbClJDREe1rQ,,,
f3OMwOnYSumf7m50jLTrbg,2091,Simply Raspberry Syrup,,1 Litre,4.83,4755CqDMSWW-mRo5VXhXIA,,,"10/06/2025, 14:35:24",Yf4mVmvKQDqbClJDREe1rQ,,,,wuqj75edR0670x.mQmMz0A,,,"13/06/2025, 13:14:12",Yf4mVmvKQDqbClJDREe1rQ,,,
eZCzNFpHRZqDKgxmiruY.g,SH007,SHOTT Mango Syrup,,1 Litre,10.57,4755CqDMSWW-mRo5VXhXIA,,,"10/06/2025, 14:39:08",Yf4mVmvKQDqbClJDREe1rQ,,,,wuqj75edR0670x.mQmMz0A,,,"10/06/2025, 14:39:23",Yf4mVmvKQDqbClJDREe1rQ,,,
o1uUlpkUTum9BtGjGBxECA,2061,Simply Peanut Butter Syrup,,1 Litre,4.83,4755CqDMSWW-mRo5VXhXIA,,,"10/06/2025, 14:40:18",Yf4mVmvKQDqbClJDREe1rQ,,,,wuqj75edR0670x.mQmMz0A,,,"10/06/2025, 14:40:26",Yf4mVmvKQDqbClJDREe1rQ,,,
FsAuE8lcQy-sQ2mpMok4ow,2067,Simply Strawberry Syrup,,1 Litre,4.83,4755CqDMSWW-mRo5VXhXIA,,,"10/06/2025, 14:41:28",Yf4mVmvKQDqbClJDREe1rQ,,,,wuqj75edR0670x.mQmMz0A,,,"10/06/2025, 14:41:37",Yf4mVmvKQDqbClJDREe1rQ,,,
HILt1FfeSRSyqNFz2cOdzA,SH002,SHOTT Three Berry Syrup,,1 Litre,10.57,4755CqDMSWW-mRo5VXhXIA,,,"10/06/2025, 14:42:31",Yf4mVmvKQDqbClJDREe1rQ,,,,wuqj75edR0670x.mQmMz0A,,,"10/06/2025, 14:42:39",Yf4mVmvKQDqbClJDREe1rQ,,,
oCPiK5XORMeZlfudF7xTfA,2049,Simply Cheesecake Syrup,,1 Litre,4.83,4755CqDMSWW-mRo5VXhXIA,,,"10/06/2025, 14:43:51",Yf4mVmvKQDqbClJDREe1rQ,,,,wuqj75edR0670x.mQmMz0A,,,"10/06/2025, 14:43:58",Yf4mVmvKQDqbClJDREe1rQ,,,
2OmtKRnNTkKewVlQX1qLaQ,ZAPEACHTEA,Peach Iced Tea Powder,,1 KG,17,XGfwgjGhRMu2hWozuW5qRQ,,,"10/06/2025, 14:54:41",Yf4mVmvKQDqbClJDREe1rQ,,,,wuqj75edR0670x.mQmMz0A,,,"10/06/2025, 14:54:52",Yf4mVmvKQDqbClJDREe1rQ,,,
Ap-f3owCQUauOMh53JKeww,26363,Caster Sugar,,2KG,2.95,JKGzpLFSRxCfAxNLKmy33A,,,"11/06/2025, 14:01:50",Yf4mVmvKQDqbClJDREe1rQ,,,,wuqj75edR0670x.mQmMz0A,,,"11/06/2025, 14:02:02",Yf4mVmvKQDqbClJDREe1rQ,,,
90BTmUrbTpSvBDAvTgioHw,28202,Roast Chicken Fillets,,2.5KG,17.5,JKGzpLFSRxCfAxNLKmy33A,,,"13/06/2025, 12:27:34",Yf4mVmvKQDqbClJDREe1rQ,,,,wuqj75edR0670x.mQmMz0A,,,,,,,
4Kn9sA6.QHGMbgsRpuNcjA,7823,Poppy Seeds,,500G,4.95,JKGzpLFSRxCfAxNLKmy33A,,,"13/06/2025, 12:28:42",Yf4mVmvKQDqbClJDREe1rQ,,,,wuqj75edR0670x.mQmMz0A,,,,,,,
zD7TADcvQWeTFg7qj9i8.g,,,,,,,,,,,,,,,,,,,,,
cngJrxQTSueJVqiAYFfGqw,74982,Doves Farm Gluten Free Penne Pasta,,500G,2.99,JKGzpLFSRxCfAxNLKmy33A,,,"13/06/2025, 12:43:32",Yf4mVmvKQDqbClJDREe1rQ,,,,wuqj75edR0670x.mQmMz0A,,,"13/06/2025, 12:44:28",Yf4mVmvKQDqbClJDREe1rQ,,,
xZDdvcGISxCGAkLjuVqkAA,2076,Fennel Seeds,,500G,3.55,JKGzpLFSRxCfAxNLKmy33A,,,"13/06/2025, 12:45:15",Yf4mVmvKQDqbClJDREe1rQ,,,,wuqj75edR0670x.mQmMz0A,,,,,,,
CLe4u13MSkK2ehi8wwDnrA,33856,Frank's Hot Sauce,,3.78 LITRE,21.95,JKGzpLFSRxCfAxNLKmy33A,,,"13/06/2025, 12:46:35",Yf4mVmvKQDqbClJDREe1rQ,,,,wuqj75edR0670x.mQmMz0A,,,,,,,
JY7-QvFCR3a.XFFvwouqKg,87622,Tikka Masala Paste,,1KG,12.99,JKGzpLFSRxCfAxNLKmy33A,,,"13/06/2025, 12:48:07",Yf4mVmvKQDqbClJDREe1rQ,,,,wuqj75edR0670x.mQmMz0A,,,,,,,
jxpRxlryQPy8w7H4rd7giQ,4691,Maraschino Cherries,,950G,6.5,JKGzpLFSRxCfAxNLKmy33A,,,"13/06/2025, 12:50:51",Yf4mVmvKQDqbClJDREe1rQ,,,,wuqj75edR0670x.mQmMz0A,,,,,,,
y8seEx0RSrm9yMGbZRqQ0A,15915,"Flour Tortillas 12""",,10 x 10,24.99,JKGzpLFSRxCfAxNLKmy33A,,,"13/06/2025, 12:51:53",Yf4mVmvKQDqbClJDREe1rQ,,,,wuqj75edR0670x.mQmMz0A,,,"13/06/2025, 15:15:03",Yf4mVmvKQDqbClJDREe1rQ,,,
m2RWZ5JzRZKI-3Lz5Sf44A,52357,Pineapple Rings,,3.05KG,5.75,JKGzpLFSRxCfAxNLKmy33A,,,"13/06/2025, 12:52:45",Yf4mVmvKQDqbClJDREe1rQ,,,,wuqj75edR0670x.mQmMz0A,,,,,,,
piBqSsTQTj-wBNsPPrRUoQ,50462,Raspberry Jam,,3.18KG,16.16,JKGzpLFSRxCfAxNLKmy33A,,,"13/06/2025, 12:54:23",Yf4mVmvKQDqbClJDREe1rQ,,,,wuqj75edR0670x.mQmMz0A,,,,,,,
jsiqW0rwSNmAyqHKvLC-OQ,2074,Simply Sugar Free Vanilla Syrup,,1 Litre,4.83,4755CqDMSWW-mRo5VXhXIA,,,"13/06/2025, 13:08:11",Yf4mVmvKQDqbClJDREe1rQ,,,,wuqj75edR0670x.mQmMz0A,,,"13/06/2025, 13:08:32",Yf4mVmvKQDqbClJDREe1rQ,,,
lKKZCO5OSYmkBWWNCuZjJA,2075,Simply Sugar Free Caramel Syrup,,1 Litre,4.83,4755CqDMSWW-mRo5VXhXIA,,,"13/06/2025, 13:09:18",Yf4mVmvKQDqbClJDREe1rQ,,,,wuqj75edR0670x.mQmMz0A,,,,,,,
w4SE-7eMTguAAYXqTEJCFQ,2076,Simply Sugar Free Hazelnut Syrup,,1 Litre,4.83,4755CqDMSWW-mRo5VXhXIA,,,"13/06/2025, 13:10:43",Yf4mVmvKQDqbClJDREe1rQ,,,,wuqj75edR0670x.mQmMz0A,,,,,,,
vbiQxG-dRIqlPQoe7roOLQ,7031,Alpro Soya Yoghurt,,500g,2.75,L0QTd42GQ0GxQ4XjcnJImw,,,"13/06/2025, 13:33:11",Yf4mVmvKQDqbClJDREe1rQ,,,,wuqj75edR0670x.mQmMz0A,,,,,,,
kNtx5Hv4QWynl56npvzc-Q,9543E,Peaches,,Each,0.84,L0QTd42GQ0GxQ4XjcnJImw,,,"13/06/2025, 13:58:36",Yf4mVmvKQDqbClJDREe1rQ,,,,wuqj75edR0670x.mQmMz0A,,,,,,,
EjCTVYyuRuaoJdY7tdlo8w,7776,Pineapple Puree,,1 Litre,8.95,L0QTd42GQ0GxQ4XjcnJImw,,,"13/06/2025, 14:49:34",Yf4mVmvKQDqbClJDREe1rQ,,,,wuqj75edR0670x.mQmMz0A,,,,,,,
4DRANDXIT3mpvknSoXtZ2w,1885E,Coconut Milk,,400ml,1.38,L0QTd42GQ0GxQ4XjcnJImw,,,"13/06/2025, 14:52:02",Yf4mVmvKQDqbClJDREe1rQ,,,,wuqj75edR0670x.mQmMz0A,,,,,,,
98KjfH5MRHmUOyDlErpqLQ,39010E,Raspberry Coulis,,500g,8.4,L0QTd42GQ0GxQ4XjcnJImw,,,"13/06/2025, 14:59:05",Yf4mVmvKQDqbClJDREe1rQ,,,,wuqj75edR0670x.mQmMz0A,,,"13/06/2025, 15:00:02",Yf4mVmvKQDqbClJDREe1rQ,,,
8zqib58QTVSPMAspjfs5zg,29404,Blackcurrant Jam,,3kg,18.5,JKGzpLFSRxCfAxNLKmy33A,,,"13/06/2025, 15:48:05",Yf4mVmvKQDqbClJDREe1rQ,,,,wuqj75edR0670x.mQmMz0A,,,,,,,
Oiw6ImRgRRqf6GNZ-1GIyw,30015,Shortbread Fingers,,380g,1.5,JKGzpLFSRxCfAxNLKmy33A,,,"13/06/2025, 15:53:12",Yf4mVmvKQDqbClJDREe1rQ,,,,wuqj75edR0670x.mQmMz0A,,,,,,,
F0vrewFFSzehnHC9gjS8tQ,405E,Romaine Lettuce,,Each,1.15,L0QTd42GQ0GxQ4XjcnJImw,,,"16/06/2025, 11:49:01",Yf4mVmvKQDqbClJDREe1rQ,,,,wuqj75edR0670x.mQmMz0A,,,"16/06/2025, 13:16:20",Yf4mVmvKQDqbClJDREe1rQ,,,
tE0-X50HQDW33DmoUwmCPg,29920,Gluten Free Oats,,450G,2.95,L0QTd42GQ0GxQ4XjcnJImw,,,"16/06/2025, 11:51:14",Yf4mVmvKQDqbClJDREe1rQ,,,,wuqj75edR0670x.mQmMz0A,,,,,,,
2XmfNH38TeC49O0ibYeu8Q,2342,Red Pepper Tapenade,,1KG,11.95,L0QTd42GQ0GxQ4XjcnJImw,,,"17/06/2025, 14:00:38",Yf4mVmvKQDqbClJDREe1rQ,,,,wuqj75edR0670x.mQmMz0A,,,,,,,
912fQ3jFRcKNaOKfMnZcvg,1536,Dijon Mustard,,1KG,5.95,L0QTd42GQ0GxQ4XjcnJImw,,,"17/06/2025, 14:01:53",Yf4mVmvKQDqbClJDREe1rQ,,,,wuqj75edR0670x.mQmMz0A,,,,,,,
GLdVDUdNSKyDV2nGlyxHxQ,1390,Worcester Sauce,,568ML,8.25,L0QTd42GQ0GxQ4XjcnJImw,,,"17/06/2025, 14:03:25",Yf4mVmvKQDqbClJDREe1rQ,,,,wuqj75edR0670x.mQmMz0A,,,,,,,
3xiUFPjwSvu8zSD1QT.Naw,2314,Roasted Red Peppers,,3KG,6.95,L0QTd42GQ0GxQ4XjcnJImw,,,"17/06/2025, 14:04:09",Yf4mVmvKQDqbClJDREe1rQ,,,,wuqj75edR0670x.mQmMz0A,,,,,,,
iINw8OD5RfSAZWV1NX3akQ,29404,Blackcurrant Jam,,3KG,18.5,L0QTd42GQ0GxQ4XjcnJImw,,,"17/06/2025, 14:05:12",Yf4mVmvKQDqbClJDREe1rQ,,,,wuqj75edR0670x.mQmMz0A,,,,,,,
FSmO80F0Q36HdjLVnFik1g,30015,Shortbread Fingers,,380G,1.5,L0QTd42GQ0GxQ4XjcnJImw,,,"17/06/2025, 14:06:05",Yf4mVmvKQDqbClJDREe1rQ,,,,wuqj75edR0670x.mQmMz0A,,,,,,,
FJ8G4KTpQoG9CGnNhfXNRQ,15888,Vegetable Oil,,5 Litre,9.95,L0QTd42GQ0GxQ4XjcnJImw,,,"17/06/2025, 14:12:38",Yf4mVmvKQDqbClJDREe1rQ,,,,wuqj75edR0670x.mQmMz0A,,,,,,,
a-K5WU3PYRBSijviLw6VZNA,3411E,Lollo Blonde Lettuce,,Each,1.45,L0QTd42GQ0GxQ4XjcnJImw,,,"17/06/2025, 14:13:32",Yf4mVmvKQDqbClJDREe1rQ,,,,wuqj75edR0670x.mQmMz0A,,,"17/06/2025, 14:15:25",Yf4mVmvKQDqbClJDREe1rQ,,,
bGLAg9TgT5eLmLiqaG84yQ,,,,,,,,,,,,,,,,,,,,,
2klB3FeCR4OkXOuNOkBQeg,,,,,,,,,,,,,,,,,,,,,
OciXNr6dRzO2eN-3bjf1NA,,,,,,,,,,,,,,,,,,,,,
AZjKom3GQkqaCrbgMC9uXA,delcode,delprod,,delunit,999,Ex7AoBjaSbaWlVnxUFILog,,,"21/06/2025, 15:07:17",LoYTDAlDSFisIGRiyVXcFA,,,,7jWCFKO9SGmYNSUTyjdRSw,,,,,true,,